
-- phpMyAdmin SQL Dump
-- version 3.5.2.2
-- http://www.phpmyadmin.net
--
-- Host: localhost
-- Generation Time: Nov 08, 2016 at 01:59 AM
-- Server version: 10.0.20-MariaDB
-- PHP Version: 5.2.17

SET SQL_MODE="NO_AUTO_VALUE_ON_ZERO";
SET time_zone = "+00:00";


/*!40101 SET @OLD_CHARACTER_SET_CLIENT=@@CHARACTER_SET_CLIENT */;
/*!40101 SET @OLD_CHARACTER_SET_RESULTS=@@CHARACTER_SET_RESULTS */;
/*!40101 SET @OLD_COLLATION_CONNECTION=@@COLLATION_CONNECTION */;
/*!40101 SET NAMES utf8 */;

--
-- Database: `u809135714_db`
--

-- --------------------------------------------------------

--
-- Table structure for table `assists`
--

CREATE TABLE IF NOT EXISTS `assists` (
  `id` int(10) unsigned NOT NULL AUTO_INCREMENT,
  `game_id` int(10) unsigned NOT NULL,
  `team_id` int(11) NOT NULL,
  `player_id` int(10) unsigned NOT NULL,
  `assists` int(11) NOT NULL,
  `created` datetime NOT NULL,
  `modified` datetime NOT NULL,
  PRIMARY KEY (`id`)
) ENGINE=MyISAM DEFAULT CHARSET=latin1 AUTO_INCREMENT=1 ;

-- --------------------------------------------------------

--
-- Table structure for table `games`
--

CREATE TABLE IF NOT EXISTS `games` (
  `id` int(11) unsigned NOT NULL AUTO_INCREMENT,
  `date` datetime NOT NULL,
  `stage` varchar(40) NOT NULL DEFAULT 'roster',
  `created` datetime NOT NULL,
  `modified` datetime NOT NULL,
  PRIMARY KEY (`id`)
) ENGINE=MyISAM  DEFAULT CHARSET=latin1 AUTO_INCREMENT=11 ;

--
-- Dumping data for table `games`
--

INSERT INTO `games` (`id`, `date`, `stage`, `created`, `modified`) VALUES
(1, '2016-07-14 21:00:00', 'view', '2016-07-19 01:10:55', '2016-07-19 01:13:13'),
(3, '2016-08-04 21:00:00', 'view', '2016-08-04 23:27:44', '2016-08-04 23:30:39'),
(4, '2016-08-11 21:00:00', 'view', '2016-08-11 22:39:04', '2016-08-11 22:41:15'),
(5, '2016-09-02 18:30:00', 'view', '2016-09-02 10:59:23', '2016-09-02 11:03:14'),
(6, '2016-09-22 21:00:00', 'view', '2016-09-23 01:30:12', '2016-09-23 01:32:53'),
(7, '2016-09-29 21:00:00', 'view', '2016-09-30 02:48:52', '2016-09-30 02:51:18'),
(8, '2016-10-24 18:30:00', 'view', '2016-10-24 12:34:07', '2016-10-24 12:37:41'),
(9, '2016-10-27 21:00:00', 'view', '2016-10-27 22:18:38', '2016-10-27 22:20:06');

-- --------------------------------------------------------

--
-- Table structure for table `games_players`
--

CREATE TABLE IF NOT EXISTS `games_players` (
  `id` int(11) NOT NULL AUTO_INCREMENT,
  `game_id` int(11) NOT NULL,
  `player_id` int(11) NOT NULL,
  PRIMARY KEY (`id`)
) ENGINE=MyISAM  DEFAULT CHARSET=utf8 COLLATE=utf8_unicode_ci AUTO_INCREMENT=91 ;

--
-- Dumping data for table `games_players`
--

INSERT INTO `games_players` (`id`, `game_id`, `player_id`) VALUES
(1, 1, 2),
(2, 1, 3),
(3, 1, 4),
(4, 1, 6),
(5, 1, 7),
(6, 1, 1),
(7, 1, 8),
(8, 1, 10),
(9, 1, 11),
(10, 1, 12),
(11, 3, 4),
(12, 3, 5),
(13, 3, 9),
(14, 3, 2),
(15, 3, 3),
(16, 3, 1),
(17, 3, 15),
(18, 3, 16),
(19, 3, 6),
(20, 3, 10),
(21, 4, 2),
(22, 4, 3),
(23, 4, 14),
(24, 4, 1),
(25, 4, 4),
(26, 4, 5),
(27, 4, 7),
(28, 4, 17),
(29, 4, 18),
(30, 4, 6),
(31, 5, 1),
(32, 5, 4),
(33, 5, 13),
(34, 5, 19),
(35, 5, 6),
(36, 5, 2),
(37, 5, 7),
(38, 5, 20),
(39, 5, 3),
(40, 5, 10),
(41, 6, 1),
(42, 6, 17),
(43, 6, 21),
(44, 6, 22),
(45, 6, 3),
(46, 6, 2),
(47, 6, 4),
(48, 6, 5),
(49, 6, 23),
(50, 6, 10),
(51, 7, 1),
(52, 7, 4),
(53, 7, 7),
(54, 7, 24),
(55, 7, 10),
(56, 7, 2),
(57, 7, 8),
(58, 7, 25),
(59, 7, 5),
(60, 7, 3),
(61, 8, 17),
(62, 8, 15),
(63, 8, 24),
(64, 8, 23),
(65, 8, 10),
(66, 8, 2),
(67, 8, 22),
(68, 8, 5),
(69, 8, 6),
(70, 8, 3),
(71, 9, 24),
(72, 9, 26),
(73, 9, 5),
(74, 9, 25),
(75, 9, 23),
(76, 9, 1),
(77, 9, 8),
(78, 9, 7),
(79, 9, 6),
(80, 9, 3);

-- --------------------------------------------------------

--
-- Table structure for table `goals`
--

CREATE TABLE IF NOT EXISTS `goals` (
  `id` int(10) unsigned NOT NULL AUTO_INCREMENT,
  `game_id` int(10) unsigned NOT NULL,
  `team_id` int(11) NOT NULL,
  `player_id` int(10) unsigned NOT NULL,
  `goals` int(11) NOT NULL,
  `created` datetime NOT NULL,
  `modified` datetime NOT NULL,
  PRIMARY KEY (`id`)
) ENGINE=MyISAM DEFAULT CHARSET=latin1 AUTO_INCREMENT=1 ;

-- --------------------------------------------------------

--
-- Table structure for table `invites`
--

CREATE TABLE IF NOT EXISTS `invites` (
  `id` int(10) unsigned NOT NULL AUTO_INCREMENT,
  `game_id` int(10) unsigned NOT NULL,
  `player_id` int(10) unsigned NOT NULL,
  `available` tinyint(1) DEFAULT NULL,
  `created` datetime NOT NULL,
  `modified` datetime NOT NULL,
  PRIMARY KEY (`id`)
) ENGINE=MyISAM  DEFAULT CHARSET=latin1 AUTO_INCREMENT=100 ;

--
-- Dumping data for table `invites`
--

INSERT INTO `invites` (`id`, `game_id`, `player_id`, `available`, `created`, `modified`) VALUES
(1, 1, 1, 1, '2016-07-19 01:10:55', '2016-07-19 01:11:30'),
(2, 1, 2, 1, '2016-07-19 01:10:55', '2016-07-19 01:11:21'),
(3, 1, 3, 1, '2016-07-19 01:10:55', '2016-07-19 01:11:23'),
(4, 1, 4, 1, '2016-07-19 01:10:55', '2016-07-19 01:11:25'),
(5, 1, 6, 1, '2016-07-19 01:10:55', '2016-07-19 01:11:27'),
(6, 1, 7, 1, '2016-07-19 01:10:55', '2016-07-19 01:11:28'),
(7, 1, 8, 1, '2016-07-19 01:10:55', '2016-07-19 01:11:32'),
(8, 1, 10, 1, '2016-07-19 01:10:55', '2016-07-19 01:11:33'),
(9, 1, 11, 1, '2016-07-19 01:10:55', '2016-07-19 01:11:35'),
(10, 1, 12, 1, '2016-07-19 01:10:55', '2016-07-19 01:11:37'),
(26, 3, 10, 1, '2016-08-04 23:27:44', '2016-08-04 23:28:03'),
(25, 3, 9, 1, '2016-08-04 23:27:44', '2016-08-04 23:27:58'),
(24, 3, 6, 1, '2016-08-04 23:27:44', '2016-08-04 23:28:00'),
(23, 3, 5, 1, '2016-08-04 23:27:44', '2016-08-04 23:27:50'),
(22, 3, 4, 1, '2016-08-04 23:27:44', '2016-08-04 23:27:48'),
(21, 3, 3, 1, '2016-08-04 23:27:44', '2016-08-04 23:27:54'),
(20, 3, 2, 1, '2016-08-04 23:27:44', '2016-08-04 23:27:52'),
(19, 3, 1, 1, '2016-08-04 23:27:44', '2016-08-04 23:27:57'),
(27, 3, 15, 1, '2016-08-04 23:28:59', '2016-08-04 23:29:03'),
(28, 3, 16, 1, '2016-08-04 23:28:59', '2016-08-04 23:29:05'),
(29, 4, 1, 1, '2016-08-11 22:39:04', '2016-08-11 22:40:20'),
(30, 4, 2, 1, '2016-08-11 22:39:04', '2016-08-11 22:40:05'),
(31, 4, 3, 1, '2016-08-11 22:39:04', '2016-08-11 22:40:07'),
(32, 4, 4, 1, '2016-08-11 22:39:04', '2016-08-11 22:40:22'),
(33, 4, 5, 1, '2016-08-11 22:39:04', '2016-08-11 22:40:25'),
(34, 4, 6, 1, '2016-08-11 22:39:04', '2016-08-11 22:40:36'),
(35, 4, 7, 1, '2016-08-11 22:39:04', '2016-08-11 22:40:27'),
(36, 4, 14, 1, '2016-08-11 22:39:04', '2016-08-11 22:40:17'),
(37, 4, 17, 1, '2016-08-11 22:40:01', '2016-08-11 22:40:30'),
(38, 4, 18, 1, '2016-08-11 22:40:01', '2016-08-11 22:40:34'),
(39, 5, 1, 1, '2016-09-02 10:59:23', '2016-09-02 11:01:11'),
(40, 5, 2, 1, '2016-09-02 10:59:23', '2016-09-02 11:01:28'),
(41, 5, 3, 1, '2016-09-02 10:59:23', '2016-09-02 11:01:23'),
(42, 5, 4, 1, '2016-09-02 10:59:23', '2016-09-02 11:01:13'),
(43, 5, 6, 1, '2016-09-02 10:59:23', '2016-09-02 11:01:19'),
(44, 5, 7, 1, '2016-09-02 10:59:23', '2016-09-02 11:01:26'),
(45, 5, 10, 1, '2016-09-02 10:59:23', '2016-09-02 11:01:21'),
(46, 5, 13, 1, '2016-09-02 10:59:23', '2016-09-02 11:01:15'),
(47, 5, 19, 1, '2016-09-02 11:01:08', '2016-09-02 11:01:17'),
(48, 5, 20, 1, '2016-09-02 11:01:08', '2016-09-02 11:01:25'),
(49, 6, 1, 1, '2016-09-23 01:30:12', '2016-09-23 01:31:24'),
(50, 6, 2, 1, '2016-09-23 01:30:12', '2016-09-23 01:31:40'),
(51, 6, 3, 1, '2016-09-23 01:30:12', '2016-09-23 01:31:38'),
(52, 6, 4, 1, '2016-09-23 01:30:12', '2016-09-23 01:31:43'),
(53, 6, 5, 1, '2016-09-23 01:30:12', '2016-09-23 01:31:45'),
(54, 6, 10, 1, '2016-09-23 01:30:12', '2016-09-23 01:31:49'),
(55, 6, 17, 1, '2016-09-23 01:30:12', '2016-09-23 01:31:26'),
(56, 6, 21, 1, '2016-09-23 01:30:12', '2016-09-23 01:31:32'),
(57, 6, 22, 1, '2016-09-23 01:30:12', '2016-09-23 01:31:35'),
(58, 6, 23, 1, '2016-09-23 01:31:17', '2016-09-23 01:31:47'),
(59, 7, 1, 1, '2016-09-30 02:48:52', '2016-09-30 02:49:34'),
(60, 7, 2, 1, '2016-09-30 02:48:52', '2016-09-30 02:49:45'),
(61, 7, 3, 1, '2016-09-30 02:48:52', '2016-09-30 02:49:51'),
(62, 7, 4, 1, '2016-09-30 02:48:52', '2016-09-30 02:49:35'),
(63, 7, 5, 1, '2016-09-30 02:48:52', '2016-09-30 02:49:50'),
(64, 7, 7, 1, '2016-09-30 02:48:52', '2016-09-30 02:49:37'),
(65, 7, 8, 1, '2016-09-30 02:48:52', '2016-09-30 02:49:47'),
(66, 7, 10, 1, '2016-09-30 02:48:52', '2016-09-30 02:49:42'),
(67, 7, 24, 1, '2016-09-30 02:49:30', '2016-09-30 02:49:39'),
(68, 7, 25, 1, '2016-09-30 02:49:30', '2016-09-30 02:49:48'),
(69, 8, 2, 1, '2016-10-24 12:34:07', '2016-10-24 12:35:02'),
(70, 8, 3, 1, '2016-10-24 12:34:07', '2016-10-24 12:35:09'),
(71, 8, 5, 1, '2016-10-24 12:34:07', '2016-10-24 12:35:06'),
(72, 8, 6, 1, '2016-10-24 12:34:07', '2016-10-24 12:35:07'),
(73, 8, 10, 1, '2016-10-24 12:34:07', '2016-10-24 12:35:01'),
(74, 8, 15, 1, '2016-10-24 12:34:07', '2016-10-24 12:34:55'),
(75, 8, 17, 1, '2016-10-24 12:34:07', '2016-10-24 12:34:53'),
(76, 8, 22, 1, '2016-10-24 12:34:07', '2016-10-24 12:35:04'),
(77, 8, 23, 1, '2016-10-24 12:34:07', '2016-10-24 12:34:59'),
(78, 8, 24, 1, '2016-10-24 12:34:49', '2016-10-24 12:34:57'),
(79, 9, 1, 1, '2016-10-27 22:18:38', '2016-10-27 22:19:03'),
(80, 9, 3, 1, '2016-10-27 22:18:38', '2016-10-27 22:19:12'),
(81, 9, 5, 1, '2016-10-27 22:18:38', '2016-10-27 22:18:51'),
(82, 9, 6, 1, '2016-10-27 22:18:38', '2016-10-27 22:19:10'),
(83, 9, 7, 1, '2016-10-27 22:18:38', '2016-10-27 22:19:08'),
(84, 9, 8, 1, '2016-10-27 22:18:38', '2016-10-27 22:19:05'),
(85, 9, 23, 1, '2016-10-27 22:18:38', '2016-10-27 22:19:00'),
(86, 9, 24, 1, '2016-10-27 22:18:38', '2016-10-27 22:18:47'),
(87, 9, 25, 1, '2016-10-27 22:18:38', '2016-10-27 22:18:58'),
(88, 9, 26, 1, '2016-10-27 22:18:38', '2016-10-27 22:18:50');

-- --------------------------------------------------------

--
-- Table structure for table `players`
--

CREATE TABLE IF NOT EXISTS `players` (
  `id` int(11) unsigned NOT NULL AUTO_INCREMENT,
  `name` varchar(40) CHARACTER SET latin1 COLLATE latin1_spanish_ci NOT NULL,
  `email` varchar(40) CHARACTER SET latin1 COLLATE latin1_spanish_ci DEFAULT NULL,
  `conv` int(11) NOT NULL,
  `games_played` int(11) NOT NULL,
  `wins` int(11) NOT NULL,
  `win_percentage` float NOT NULL,
  `goals` int(11) NOT NULL,
  `goals_average` float NOT NULL,
  `assists` int(11) NOT NULL,
  `assists_average` float NOT NULL,
  `team_scored` int(6) NOT NULL,
  `team_scored_average` float NOT NULL,
  `team_conceded` int(6) NOT NULL,
  `team_conceded_average` float NOT NULL,
  `wins_limit` int(11) NOT NULL,
  `win_percentage_limit` float NOT NULL,
  `goals_limit` int(11) NOT NULL,
  `goals_average_limit` float NOT NULL,
  `assists_limit` int(11) NOT NULL,
  `assists_average_limit` float NOT NULL,
  `team_scored_limit` int(11) NOT NULL,
  `team_scored_average_limit` float NOT NULL,
  `team_conceded_limit` int(11) NOT NULL,
  `team_conceded_average_limit` float NOT NULL,
  `created` datetime NOT NULL,
  `modified` datetime NOT NULL,
  PRIMARY KEY (`id`)
) ENGINE=MyISAM  DEFAULT CHARSET=latin1 AUTO_INCREMENT=27 ;

--
-- Dumping data for table `players`
--

INSERT INTO `players` (`id`, `name`, `email`, `conv`, `games_played`, `wins`, `win_percentage`, `goals`, `goals_average`, `assists`, `assists_average`, `team_scored`, `team_scored_average`, `team_conceded`, `team_conceded_average`, `wins_limit`, `win_percentage_limit`, `goals_limit`, `goals_average_limit`, `assists_limit`, `assists_average_limit`, `team_scored_limit`, `team_scored_average_limit`, `team_conceded_limit`, `team_conceded_average_limit`, `created`, `modified`) VALUES
(1, 'Far', '', 1, 7, 6, 0.86, 0, 0, 0, 0, 34, 4.86, 26, 3.71, 6, 0.86, 0, 0, 0, 0, 34, 4.86, 26, 3.71, '2016-07-19 01:02:43', '2016-10-27 22:20:06'),
(2, 'Ricardo', '', 2, 7, 6, 0.86, 0, 0, 0, 0, 30, 4.29, 25, 3.57, 6, 0.86, 0, 0, 0, 0, 30, 4.29, 25, 3.57, '2016-07-19 01:03:08', '2016-10-24 12:37:41'),
(3, 'Peej', '', 3, 8, 2, 0.25, 0, 0, 0, 0, 31, 3.88, 36, 4.5, 2, 0.25, 0, 0, 0, 0, 31, 3.88, 36, 4.5, '2016-07-19 01:04:18', '2016-10-27 22:20:06'),
(4, 'David', '', 4, 6, 3, 0.5, 0, 0, 0, 0, 22, 3.67, 26, 4.33, 3, 0.5, 0, 0, 0, 0, 22, 3.67, 26, 4.33, '2016-07-19 01:04:39', '2016-09-30 02:51:18'),
(5, 'Barroso', '', 5, 6, 2, 0.33, 0, 0, 0, 0, 24, 4, 30, 5, 2, 0.33, 0, 0, 0, 0, 24, 4, 30, 5, '2016-07-19 01:04:54', '2016-10-27 22:20:06'),
(6, 'Alex', '', 6, 6, 1, 0.17, 0, 0, 0, 0, 14, 2.33, 18, 3, 1, 0.17, 0, 0, 0, 0, 14, 2.33, 18, 3, '2016-07-19 01:05:18', '2016-10-27 22:20:06'),
(7, 'Cabrita', '', 7, 5, 3, 0.6, 0, 0, 0, 0, 22, 4.4, 20, 4, 3, 0.6, 0, 0, 0, 0, 22, 4.4, 20, 4, '2016-07-19 01:05:53', '2016-10-27 22:20:06'),
(8, 'Miguel', '', 8, 3, 2, 0.67, 0, 0, 0, 0, 21, 7, 21, 7, 2, 0.67, 0, 0, 0, 0, 21, 7, 21, 7, '2016-07-19 01:06:12', '2016-10-27 22:20:06'),
(9, 'Nunão', '', 9, 1, 0, 0, 0, 0, 0, 0, 0, 0, 0, 0, 0, 0, 0, 0, 0, 0, 0, 0, 0, 0, '2016-07-19 01:06:24', '2016-08-04 23:30:39'),
(10, 'André', '', 10, 6, 0, 0, 0, 0, 0, 0, 24, 4, 31, 5.17, 0, 0, 0, 0, 0, 0, 24, 4, 31, 5.17, '2016-07-19 01:08:03', '2016-10-24 12:37:41'),
(11, 'Louis (guest)', '', 11, 1, 0, 0, 0, 0, 0, 0, 6, 6, 7, 7, 0, 0, 0, 0, 0, 0, 6, 6, 7, 7, '2016-07-19 01:09:25', '2016-07-19 01:13:13'),
(12, 'Afonso', '', 12, 1, 1, 1, 0, 0, 0, 0, 7, 7, 6, 6, 1, 1, 0, 0, 0, 0, 7, 7, 6, 6, '2016-07-19 01:09:59', '2016-07-19 01:13:13'),
(13, 'Miguel (irmão)', '', 13, 1, 0, 0, 0, 0, 0, 0, 0, 0, 0, 0, 0, 0, 0, 0, 0, 0, 0, 0, 0, 0, '2016-07-20 15:50:20', '2016-09-02 11:03:14'),
(14, 'Rui Garcia', '', 14, 1, 1, 1, 0, 0, 0, 0, 0, 0, 0, 0, 1, 1, 0, 0, 0, 0, 0, 0, 0, 0, '2016-07-20 15:51:31', '2016-08-11 22:41:15'),
(15, 'Gonçalo (Cabrita)', '', 15, 2, 2, 1, 0, 0, 0, 0, 4, 2, 3, 1.5, 2, 1, 0, 0, 0, 0, 4, 2, 3, 1.5, '2016-08-04 23:28:25', '2016-10-24 12:37:41'),
(16, 'Rita (Ricardo)', '', 16, 1, 1, 1, 0, 0, 0, 0, 0, 0, 0, 0, 1, 1, 0, 0, 0, 0, 0, 0, 0, 0, '2016-08-04 23:28:41', '2016-08-04 23:30:39'),
(17, 'Louie', '', 17, 3, 3, 1, 0, 0, 0, 0, 15, 5, 10, 3.33, 3, 1, 0, 0, 0, 0, 15, 5, 10, 3.33, '2016-08-11 22:39:29', '2016-10-24 12:37:41'),
(18, 'Júlio', '', 18, 1, 0, 0, 0, 0, 0, 0, 0, 0, 0, 0, 0, 0, 0, 0, 0, 0, 0, 0, 0, 0, '2016-08-11 22:39:40', '2016-08-11 22:41:15'),
(19, 'Abreu', '', 19, 1, 0, 0, 0, 0, 0, 0, 0, 0, 0, 0, 0, 0, 0, 0, 0, 0, 0, 0, 0, 0, '2016-09-02 11:00:24', '2016-09-02 11:03:14'),
(20, 'Rodrigo', '', 20, 1, 0, 0, 0, 0, 0, 0, 0, 0, 0, 0, 0, 0, 0, 0, 0, 0, 0, 0, 0, 0, '2016-09-02 11:00:42', '2016-09-02 11:03:14'),
(21, 'João (primo Ricardo)', '', 21, 1, 1, 1, 0, 0, 0, 0, 11, 11, 7, 7, 1, 1, 0, 0, 0, 0, 11, 11, 7, 7, '2016-09-23 01:28:57', '2016-09-23 01:32:53'),
(22, 'João Pedro (primo Ricardo)', '', 22, 2, 2, 1, 0, 0, 0, 0, 15, 7.5, 10, 5, 2, 1, 0, 0, 0, 0, 15, 7.5, 10, 5, '2016-09-23 01:29:24', '2016-10-24 12:37:41'),
(23, 'Luís (Drogaria)', '', 23, 3, 1, 0.33, 0, 0, 0, 0, 17, 5.67, 20, 6.67, 1, 0.33, 0, 0, 0, 0, 17, 5.67, 20, 6.67, '2016-09-23 01:31:02', '2016-10-27 22:20:06'),
(24, 'Lobão', '', 24, 3, 2, 0.67, 0, 0, 0, 0, 18, 6, 18, 6, 2, 0.67, 0, 0, 0, 0, 18, 6, 18, 6, '2016-09-30 02:49:06', '2016-10-27 22:20:06'),
(25, 'Luca', '', 25, 2, 0, 0, 0, 0, 0, 0, 13, 6.5, 16, 8, 0, 0, 0, 0, 0, 0, 13, 6.5, 16, 8, '2016-09-30 02:49:16', '2016-10-27 22:20:06'),
(26, 'Pedro (Luis Drogaria)', '', 26, 1, 1, 1, 0, 0, 0, 0, 7, 7, 5, 5, 1, 1, 0, 0, 0, 0, 7, 7, 5, 5, '2016-10-27 22:16:21', '2016-10-27 22:20:06');

-- --------------------------------------------------------

--
-- Table structure for table `players_teams`
--

CREATE TABLE IF NOT EXISTS `players_teams` (
  `id` int(11) NOT NULL AUTO_INCREMENT,
  `player_id` int(11) NOT NULL,
  `team_id` int(11) NOT NULL,
  PRIMARY KEY (`id`)
) ENGINE=MyISAM  DEFAULT CHARSET=latin1 AUTO_INCREMENT=471 ;

--
-- Dumping data for table `players_teams`
--

INSERT INTO `players_teams` (`id`, `player_id`, `team_id`) VALUES
(45, 10, 1),
(95, 15, 6),
(44, 11, 1),
(43, 2, 1),
(42, 3, 1),
(50, 1, 2),
(49, 7, 2),
(48, 8, 2),
(47, 12, 2),
(46, 4, 2),
(41, 6, 1),
(175, 2, 9),
(94, 16, 6),
(93, 5, 6),
(92, 2, 6),
(100, 1, 5),
(99, 4, 5),
(98, 6, 5),
(97, 10, 5),
(96, 9, 5),
(91, 3, 6),
(124, 2, 7),
(123, 14, 7),
(122, 1, 7),
(121, 4, 7),
(130, 5, 8),
(129, 7, 8),
(128, 18, 8),
(127, 6, 8),
(126, 3, 8),
(125, 17, 7),
(255, 25, 13),
(174, 7, 9),
(173, 1, 9),
(172, 4, 9),
(180, 13, 10),
(179, 20, 10),
(178, 3, 10),
(177, 10, 10),
(176, 19, 10),
(171, 6, 9),
(204, 1, 11),
(203, 17, 11),
(202, 21, 11),
(201, 22, 11),
(210, 4, 12),
(209, 5, 12),
(208, 23, 12),
(207, 10, 12),
(206, 3, 12),
(205, 2, 11),
(330, 24, 16),
(254, 3, 13),
(253, 4, 13),
(252, 7, 13),
(260, 2, 14),
(259, 24, 14),
(258, 8, 14),
(257, 5, 14),
(256, 1, 14),
(251, 10, 13),
(325, 3, 15),
(324, 23, 15),
(323, 10, 15),
(322, 6, 15),
(379, 1, 18),
(329, 2, 16),
(328, 22, 16),
(327, 17, 16),
(326, 15, 16),
(321, 5, 15),
(380, 23, 18),
(375, 6, 17),
(374, 24, 17),
(373, 5, 17),
(372, 25, 17),
(378, 7, 18),
(377, 3, 18),
(376, 26, 18),
(371, 8, 17);

-- --------------------------------------------------------

--
-- Table structure for table `ratings`
--

CREATE TABLE IF NOT EXISTS `ratings` (
  `id` int(11) NOT NULL AUTO_INCREMENT,
  `game_id` int(11) DEFAULT NULL,
  `team_id` int(11) DEFAULT NULL,
  `player_id` int(11) NOT NULL,
  `mean` float NOT NULL,
  `standard_deviation` float NOT NULL,
  `created` datetime NOT NULL,
  `modified` datetime NOT NULL,
  PRIMARY KEY (`id`)
) ENGINE=MyISAM  DEFAULT CHARSET=utf8 COLLATE=utf8_unicode_ci AUTO_INCREMENT=133 ;

--
-- Dumping data for table `ratings`
--

INSERT INTO `ratings` (`id`, `game_id`, `team_id`, `player_id`, `mean`, `standard_deviation`, `created`, `modified`) VALUES
(1, NULL, NULL, 1, 5, 1.666, '2016-07-19 01:02:43', '2016-07-19 01:02:43'),
(2, NULL, NULL, 2, 5, 1.666, '2016-07-19 01:03:08', '2016-07-19 01:03:08'),
(3, NULL, NULL, 3, 5, 1.666, '2016-07-19 01:04:18', '2016-07-19 01:04:18'),
(4, NULL, NULL, 4, 5, 1.666, '2016-07-19 01:04:39', '2016-07-19 01:04:39'),
(5, NULL, NULL, 5, 5, 1.666, '2016-07-19 01:04:54', '2016-07-19 01:04:54'),
(6, NULL, NULL, 6, 5, 1.666, '2016-07-19 01:05:18', '2016-07-19 01:05:18'),
(7, NULL, NULL, 7, 5, 1.666, '2016-07-19 01:05:53', '2016-07-19 01:05:53'),
(8, NULL, NULL, 8, 5, 1.666, '2016-07-19 01:06:12', '2016-07-19 01:06:12'),
(9, NULL, NULL, 9, 5, 1.666, '2016-07-19 01:06:24', '2016-07-19 01:06:24'),
(10, NULL, NULL, 10, 5, 1.666, '2016-07-19 01:08:03', '2016-07-19 01:08:03'),
(11, NULL, NULL, 11, 5, 1.666, '2016-07-19 01:09:25', '2016-07-19 01:09:25'),
(12, NULL, NULL, 12, 5, 1.666, '2016-07-19 01:09:59', '2016-07-19 01:09:59'),
(13, NULL, NULL, 10, 5, 1.666, '2016-07-19 01:13:13', '2016-07-19 01:13:13'),
(14, NULL, NULL, 11, 5, 1.666, '2016-07-19 01:13:13', '2016-07-19 01:13:13'),
(15, NULL, NULL, 2, 5, 1.666, '2016-07-19 01:13:13', '2016-07-19 01:13:13'),
(16, NULL, NULL, 3, 5, 1.666, '2016-07-19 01:13:13', '2016-07-19 01:13:13'),
(17, NULL, NULL, 6, 5, 1.666, '2016-07-19 01:13:13', '2016-07-19 01:13:13'),
(18, NULL, NULL, 1, 5, 1.666, '2016-07-19 01:13:13', '2016-07-19 01:13:13'),
(19, NULL, NULL, 7, 5, 1.666, '2016-07-19 01:13:13', '2016-07-19 01:13:13'),
(20, NULL, NULL, 8, 5, 1.666, '2016-07-19 01:13:13', '2016-07-19 01:13:13'),
(21, NULL, NULL, 12, 5, 1.666, '2016-07-19 01:13:13', '2016-07-19 01:13:13'),
(22, NULL, NULL, 4, 5, 1.666, '2016-07-19 01:13:13', '2016-07-19 01:13:13'),
(23, 1, 2, 1, 5.37971, 1.63062, '2016-07-19 01:13:13', '2016-07-19 01:13:13'),
(24, 1, 2, 7, 5.37971, 1.63062, '2016-07-19 01:13:13', '2016-07-19 01:13:13'),
(25, 1, 2, 8, 5.37971, 1.63062, '2016-07-19 01:13:13', '2016-07-19 01:13:13'),
(26, 1, 2, 12, 5.37971, 1.63062, '2016-07-19 01:13:13', '2016-07-19 01:13:13'),
(27, 1, 2, 4, 5.37971, 1.63062, '2016-07-19 01:13:13', '2016-07-19 01:13:13'),
(28, 1, 1, 10, 4.62029, 1.63062, '2016-07-19 01:13:13', '2016-07-19 01:13:13'),
(29, 1, 1, 11, 4.62029, 1.63062, '2016-07-19 01:13:13', '2016-07-19 01:13:13'),
(30, 1, 1, 2, 4.62029, 1.63062, '2016-07-19 01:13:13', '2016-07-19 01:13:13'),
(31, 1, 1, 3, 4.62029, 1.63062, '2016-07-19 01:13:13', '2016-07-19 01:13:13'),
(32, 1, 1, 6, 4.62029, 1.63062, '2016-07-19 01:13:13', '2016-07-19 01:13:13'),
(33, NULL, NULL, 13, 5, 1.666, '2016-07-20 15:50:20', '2016-07-20 15:50:20'),
(34, NULL, NULL, 14, 5, 1.666, '2016-07-20 15:51:31', '2016-07-20 15:51:31'),
(35, NULL, NULL, 15, 5, 1.666, '2016-08-04 23:28:25', '2016-08-04 23:28:25'),
(36, NULL, NULL, 16, 5, 1.666, '2016-08-04 23:28:41', '2016-08-04 23:28:41'),
(37, NULL, NULL, 15, 5, 1.666, '2016-08-04 23:30:39', '2016-08-04 23:30:39'),
(38, NULL, NULL, 16, 5, 1.666, '2016-08-04 23:30:39', '2016-08-04 23:30:39'),
(39, NULL, NULL, 5, 5, 1.666, '2016-08-04 23:30:39', '2016-08-04 23:30:39'),
(40, NULL, NULL, 9, 5, 1.666, '2016-08-04 23:30:39', '2016-08-04 23:30:39'),
(41, 3, 6, 15, 5.42433, 1.62777, '2016-08-04 23:30:39', '2016-08-04 23:30:39'),
(42, 3, 6, 16, 5.42433, 1.62777, '2016-08-04 23:30:39', '2016-08-04 23:30:39'),
(43, 3, 6, 5, 5.42433, 1.62777, '2016-08-04 23:30:39', '2016-08-04 23:30:39'),
(44, 3, 6, 2, 5.02697, 1.59546, '2016-08-04 23:30:39', '2016-08-04 23:30:39'),
(45, 3, 6, 3, 5.02697, 1.59546, '2016-08-04 23:30:39', '2016-08-04 23:30:39'),
(46, 3, 5, 1, 4.97303, 1.59546, '2016-08-04 23:30:39', '2016-08-04 23:30:39'),
(47, 3, 5, 4, 4.97303, 1.59546, '2016-08-04 23:30:39', '2016-08-04 23:30:39'),
(48, 3, 5, 6, 4.21361, 1.59546, '2016-08-04 23:30:39', '2016-08-04 23:30:39'),
(49, 3, 5, 10, 4.21361, 1.59546, '2016-08-04 23:30:39', '2016-08-04 23:30:39'),
(50, 3, 5, 9, 4.57567, 1.62777, '2016-08-04 23:30:39', '2016-08-04 23:30:39'),
(51, NULL, NULL, 17, 5, 1.666, '2016-08-11 22:39:29', '2016-08-11 22:39:29'),
(52, NULL, NULL, 18, 5, 1.666, '2016-08-11 22:39:41', '2016-08-11 22:39:41'),
(53, NULL, NULL, 14, 5, 1.666, '2016-08-11 22:41:15', '2016-08-11 22:41:15'),
(54, NULL, NULL, 17, 5, 1.666, '2016-08-11 22:41:15', '2016-08-11 22:41:15'),
(55, NULL, NULL, 18, 5, 1.666, '2016-08-11 22:41:15', '2016-08-11 22:41:15'),
(56, 4, 7, 2, 5.38626, 1.56395, '2016-08-11 22:41:15', '2016-08-11 22:41:15'),
(57, 4, 7, 14, 5.39141, 1.62858, '2016-08-11 22:41:15', '2016-08-11 22:41:15'),
(58, 4, 7, 1, 5.33232, 1.56395, '2016-08-11 22:41:15', '2016-08-11 22:41:15'),
(59, 4, 7, 4, 5.33232, 1.56395, '2016-08-11 22:41:15', '2016-08-11 22:41:15'),
(60, 4, 7, 17, 5.39141, 1.62858, '2016-08-11 22:41:15', '2016-08-11 22:41:15'),
(61, 4, 8, 5, 5.0505, 1.59361, '2016-08-11 22:41:15', '2016-08-11 22:41:15'),
(62, 4, 8, 7, 5.00458, 1.59622, '2016-08-11 22:41:15', '2016-08-11 22:41:15'),
(63, 4, 8, 18, 4.60859, 1.62858, '2016-08-11 22:41:15', '2016-08-11 22:41:15'),
(64, 4, 8, 6, 3.85432, 1.56395, '2016-08-11 22:41:15', '2016-08-11 22:41:15'),
(65, 4, 8, 3, 4.66768, 1.56395, '2016-08-11 22:41:15', '2016-08-11 22:41:15'),
(66, NULL, NULL, 19, 5, 1.666, '2016-09-02 11:00:24', '2016-09-02 11:00:24'),
(67, NULL, NULL, 20, 5, 1.666, '2016-09-02 11:00:42', '2016-09-02 11:00:42'),
(68, NULL, NULL, 13, 5, 1.666, '2016-09-02 11:03:14', '2016-09-02 11:03:14'),
(69, NULL, NULL, 20, 5, 1.666, '2016-09-02 11:03:14', '2016-09-02 11:03:14'),
(70, NULL, NULL, 19, 5, 1.666, '2016-09-02 11:03:14', '2016-09-02 11:03:14'),
(71, 5, 9, 2, 5.68386, 1.53678, '2016-09-02 11:03:14', '2016-09-02 11:03:14'),
(72, 5, 9, 7, 5.31445, 1.56661, '2016-09-02 11:03:14', '2016-09-02 11:03:14'),
(73, 5, 9, 1, 5.62992, 1.53678, '2016-09-02 11:03:14', '2016-09-02 11:03:14'),
(74, 5, 9, 4, 5.62992, 1.53678, '2016-09-02 11:03:14', '2016-09-02 11:03:14'),
(75, 5, 9, 6, 4.15192, 1.53678, '2016-09-02 11:03:14', '2016-09-02 11:03:14'),
(76, 5, 10, 13, 4.66274, 1.63081, '2016-09-02 11:03:14', '2016-09-02 11:03:14'),
(77, 5, 10, 20, 4.66274, 1.63081, '2016-09-02 11:03:14', '2016-09-02 11:03:14'),
(78, 5, 10, 3, 4.37008, 1.53678, '2016-09-02 11:03:14', '2016-09-02 11:03:14'),
(79, 5, 10, 10, 3.90403, 1.56591, '2016-09-02 11:03:14', '2016-09-02 11:03:14'),
(80, 5, 10, 19, 4.66274, 1.63081, '2016-09-02 11:03:14', '2016-09-02 11:03:14'),
(81, NULL, NULL, 21, 5, 1.666, '2016-09-23 01:28:57', '2016-09-23 01:28:57'),
(82, NULL, NULL, 22, 5, 1.666, '2016-09-23 01:29:24', '2016-09-23 01:29:24'),
(83, NULL, NULL, 23, 5, 1.666, '2016-09-23 01:31:02', '2016-09-23 01:31:02'),
(84, NULL, NULL, 21, 5, 1.666, '2016-09-23 01:32:53', '2016-09-23 01:32:53'),
(85, NULL, NULL, 22, 5, 1.666, '2016-09-23 01:32:53', '2016-09-23 01:32:53'),
(86, NULL, NULL, 23, 5, 1.666, '2016-09-23 01:32:53', '2016-09-23 01:32:53'),
(87, 6, 11, 1, 5.84735, 1.51585, '2016-09-23 01:32:53', '2016-09-23 01:32:53'),
(88, 6, 11, 17, 5.63528, 1.6015, '2016-09-23 01:32:53', '2016-09-23 01:32:53'),
(89, 6, 11, 21, 5.25509, 1.63623, '2016-09-23 01:32:53', '2016-09-23 01:32:53'),
(90, 6, 11, 22, 5.25509, 1.63623, '2016-09-23 01:32:53', '2016-09-23 01:32:53'),
(91, 6, 11, 2, 5.90129, 1.51585, '2016-09-23 01:32:53', '2016-09-23 01:32:53'),
(92, 6, 12, 4, 5.41249, 1.51585, '2016-09-23 01:32:53', '2016-09-23 01:32:53'),
(93, 6, 12, 5, 4.81689, 1.56895, '2016-09-23 01:32:53', '2016-09-23 01:32:53'),
(94, 6, 12, 23, 4.74491, 1.63623, '2016-09-23 01:32:53', '2016-09-23 01:32:53'),
(95, 6, 12, 10, 3.67838, 1.5431, '2016-09-23 01:32:53', '2016-09-23 01:32:53'),
(96, 6, 12, 3, 4.15265, 1.51585, '2016-09-23 01:32:53', '2016-09-23 01:32:53'),
(97, NULL, NULL, 24, 5, 1.666, '2016-09-30 02:49:06', '2016-09-30 02:49:06'),
(98, NULL, NULL, 25, 5, 1.666, '2016-09-30 02:49:16', '2016-09-30 02:49:16'),
(99, NULL, NULL, 25, 5, 1.666, '2016-09-30 02:51:18', '2016-09-30 02:51:18'),
(100, NULL, NULL, 24, 5, 1.666, '2016-09-30 02:51:18', '2016-09-30 02:51:18'),
(101, 7, 14, 2, 6.09067, 1.49745, '2016-09-30 02:51:18', '2016-09-30 02:51:18'),
(102, 7, 14, 24, 5.22828, 1.63783, '2016-09-30 02:51:18', '2016-09-30 02:51:18'),
(103, 7, 14, 8, 5.5985, 1.60489, '2016-09-30 02:51:18', '2016-09-30 02:51:18'),
(104, 7, 14, 5, 5.01961, 1.54727, '2016-09-30 02:51:18', '2016-09-30 02:51:18'),
(105, 7, 14, 1, 6.03673, 1.49745, '2016-09-30 02:51:18', '2016-09-30 02:51:18'),
(106, 7, 13, 25, 4.77172, 1.63783, '2016-09-30 02:51:18', '2016-09-30 02:51:18'),
(107, 7, 13, 3, 3.96327, 1.49745, '2016-09-30 02:51:18', '2016-09-30 02:51:18'),
(108, 7, 13, 4, 5.22311, 1.49745, '2016-09-30 02:51:18', '2016-09-30 02:51:18'),
(109, 7, 13, 7, 5.11233, 1.54508, '2016-09-30 02:51:18', '2016-09-30 02:51:18'),
(110, 7, 13, 10, 3.48222, 1.52304, '2016-09-30 02:51:18', '2016-09-30 02:51:18'),
(111, 8, 16, 24, 5.34738, 1.62238, '2016-10-24 12:37:41', '2016-10-24 12:37:41'),
(112, 8, 16, 2, 6.19042, 1.48837, '2016-10-24 12:37:41', '2016-10-24 12:37:41'),
(113, 8, 16, 22, 5.37396, 1.62085, '2016-10-24 12:37:41', '2016-10-24 12:37:41'),
(114, 8, 16, 17, 5.7492, 1.58778, '2016-10-24 12:37:41', '2016-10-24 12:37:41'),
(115, 8, 16, 15, 5.54198, 1.6128, '2016-10-24 12:37:41', '2016-10-24 12:37:41'),
(116, 8, 15, 3, 3.86352, 1.48837, '2016-10-24 12:37:41', '2016-10-24 12:37:41'),
(117, 8, 15, 23, 4.62604, 1.62085, '2016-10-24 12:37:41', '2016-10-24 12:37:41'),
(118, 8, 15, 10, 3.37907, 1.51286, '2016-10-24 12:37:41', '2016-10-24 12:37:41'),
(119, 8, 15, 6, 4.04692, 1.526, '2016-10-24 12:37:41', '2016-10-24 12:37:41'),
(120, 8, 15, 5, 4.91319, 1.53602, '2016-10-24 12:37:41', '2016-10-24 12:37:41'),
(121, NULL, NULL, 26, 5, 1.666, '2016-10-27 22:16:21', '2016-10-27 22:16:21'),
(122, NULL, NULL, 26, 5, 1.666, '2016-10-27 22:20:06', '2016-10-27 22:20:06'),
(123, 9, 18, 1, 6.35986, 1.47187, '2016-10-27 22:20:06', '2016-10-27 22:20:06'),
(124, 9, 18, 23, 5.00395, 1.58529, '2016-10-27 22:20:06', '2016-10-27 22:20:06'),
(125, 9, 18, 7, 5.45609, 1.51581, '2016-10-27 22:20:06', '2016-10-27 22:20:06'),
(126, 9, 18, 3, 4.18279, 1.46347, '2016-10-27 22:20:06', '2016-10-27 22:20:06'),
(127, 9, 18, 26, 5.39903, 1.62643, '2016-10-27 22:20:06', '2016-10-27 22:20:06'),
(128, 9, 17, 6, 3.7115, 1.49823, '2016-10-27 22:20:06', '2016-10-27 22:20:06'),
(129, 9, 17, 24, 4.96877, 1.58668, '2016-10-27 22:20:06', '2016-10-27 22:20:06'),
(130, 9, 17, 5, 4.57341, 1.50747, '2016-10-27 22:20:06', '2016-10-27 22:20:06'),
(131, 9, 17, 25, 4.38594, 1.60078, '2016-10-27 22:20:06', '2016-10-27 22:20:06'),
(132, 9, 17, 8, 5.22792, 1.5707, '2016-10-27 22:20:06', '2016-10-27 22:20:06');

-- --------------------------------------------------------

--
-- Table structure for table `teams`
--

CREATE TABLE IF NOT EXISTS `teams` (
  `id` int(10) unsigned NOT NULL AUTO_INCREMENT,
  `game_id` int(11) unsigned NOT NULL,
  `is_winner` tinyint(4) DEFAULT NULL,
  `score` int(11) NOT NULL,
  `created` datetime NOT NULL,
  `modified` datetime NOT NULL,
  PRIMARY KEY (`id`)
) ENGINE=MyISAM  DEFAULT CHARSET=latin1 AUTO_INCREMENT=21 ;

--
-- Dumping data for table `teams`
--

INSERT INTO `teams` (`id`, `game_id`, `is_winner`, `score`, `created`, `modified`) VALUES
(1, 1, 0, 6, '2016-07-19 01:10:55', '2016-07-19 01:13:13'),
(2, 1, 1, 7, '2016-07-19 01:10:55', '2016-07-19 01:13:13'),
(6, 3, 1, 7, '2016-08-04 23:27:44', '2016-08-04 23:30:39'),
(5, 3, 0, 5, '2016-08-04 23:27:44', '2016-08-04 23:30:39'),
(7, 4, 1, 11, '2016-08-11 22:39:05', '2016-08-11 22:41:15'),
(8, 4, 0, 1, '2016-08-11 22:39:05', '2016-08-11 22:41:15'),
(9, 5, 1, 12, '2016-09-02 10:59:23', '2016-09-02 11:03:14'),
(10, 5, 0, 8, '2016-09-02 10:59:23', '2016-09-02 11:03:14'),
(11, 6, 1, 11, '2016-09-23 01:30:14', '2016-09-23 01:32:53'),
(12, 6, 0, 7, '2016-09-23 01:30:14', '2016-09-23 01:32:53'),
(13, 7, 0, 8, '2016-09-30 02:48:52', '2016-09-30 02:51:18'),
(14, 7, 1, 9, '2016-09-30 02:48:52', '2016-09-30 02:51:18'),
(15, 8, 0, 3, '2016-10-24 12:34:09', '2016-10-24 12:37:41'),
(16, 8, 1, 4, '2016-10-24 12:34:09', '2016-10-24 12:37:41'),
(17, 9, 0, 5, '2016-10-27 22:18:38', '2016-10-27 22:20:06'),
(18, 9, 1, 7, '2016-10-27 22:18:38', '2016-10-27 22:20:06');

/*!40101 SET CHARACTER_SET_CLIENT=@OLD_CHARACTER_SET_CLIENT */;
/*!40101 SET CHARACTER_SET_RESULTS=@OLD_CHARACTER_SET_RESULTS */;
/*!40101 SET COLLATION_CONNECTION=@OLD_COLLATION_CONNECTION */;
