-- phpMyAdmin SQL Dump
-- version 4.0.4.1
-- http://www.phpmyadmin.net
--
-- Host: localhost
-- Generation Time: Oct 30, 2013 at 02:57 PM
-- Server version: 5.6.12
-- PHP Version: 5.5.3

SET SQL_MODE = "NO_AUTO_VALUE_ON_ZERO";
SET time_zone = "+00:00";


/*!40101 SET @OLD_CHARACTER_SET_CLIENT=@@CHARACTER_SET_CLIENT */;
/*!40101 SET @OLD_CHARACTER_SET_RESULTS=@@CHARACTER_SET_RESULTS */;
/*!40101 SET @OLD_COLLATION_CONNECTION=@@COLLATION_CONNECTION */;
/*!40101 SET NAMES utf8 */;

--
-- Database: `lazysunday`
--
CREATE DATABASE IF NOT EXISTS `lazysunday` DEFAULT CHARACTER SET utf8 COLLATE utf8_unicode_ci;
USE `lazysunday`;

-- --------------------------------------------------------

--
-- Table structure for table `games`
--

CREATE TABLE IF NOT EXISTS `games` (
  `id` int(11) unsigned NOT NULL AUTO_INCREMENT,
  `data` datetime NOT NULL,
  `team_a` int(2) NOT NULL,
  `team_b` int(2) NOT NULL,
  `resultado` text NOT NULL,
  `estado` text NOT NULL,
  `created` datetime NOT NULL,
  `modified` datetime NOT NULL,
  PRIMARY KEY (`id`)
) ENGINE=InnoDB  DEFAULT CHARSET=latin1 AUTO_INCREMENT=107 ;

--
-- Dumping data for table `games`
--

INSERT INTO `games` (`id`, `data`, `team_a`, `team_b`, `resultado`, `estado`, `created`, `modified`) VALUES
(11, '2012-02-26 18:30:00', 10, 8, '10-8', '2', '2012-02-24 02:02:53', '2013-10-29 14:19:49'),
(23, '2012-03-04 18:30:00', 7, 10, '7-10', '2', '2012-03-05 02:47:50', '2013-10-29 14:19:49'),
(24, '2012-03-11 18:30:00', 10, 5, '10-5', '2', '2012-03-05 03:17:55', '2013-10-29 14:19:49'),
(25, '2012-03-18 18:30:00', 20, 15, '20-15', '2', '2012-03-16 20:00:54', '2013-10-29 14:19:49'),
(26, '2012-03-25 18:30:00', 14, 11, '14-11', '2', '2012-03-25 16:23:40', '2013-10-29 14:19:49'),
(29, '2012-04-01 18:30:00', 7, 8, '7-8', '2', '2012-03-26 04:47:02', '2013-10-29 14:19:49'),
(30, '2012-04-08 18:30:00', 9, 14, '9-14', '2', '2012-04-06 12:17:34', '2013-10-29 14:19:49'),
(31, '2012-04-15 18:30:00', 10, 11, '10-11', '2', '2012-04-13 10:45:42', '2013-10-29 14:19:49'),
(32, '2012-04-22 18:30:00', 7, 13, '7-13', '2', '2012-04-20 09:40:15', '2013-10-29 14:19:49'),
(33, '2012-04-29 18:30:00', 9, 6, '9-6', '2', '2012-04-27 15:06:31', '2013-10-29 14:19:49'),
(34, '2012-05-06 18:30:00', 8, 9, '8-9', '2', '2012-05-05 07:37:52', '2013-10-29 14:19:49'),
(35, '2012-05-13 18:30:00', 3, 11, '3-11', '2', '2012-05-11 16:39:16', '2013-10-29 14:19:49'),
(36, '2012-05-27 18:30:00', 9, 14, '9-14', '2', '2012-05-19 11:45:20', '2013-10-29 14:19:49'),
(37, '2012-06-03 18:30:00', 6, 7, '6-7', '2', '2012-06-01 18:41:33', '2013-10-29 14:19:49'),
(38, '2012-06-10 18:30:00', 6, 11, '6-11', '2', '2012-06-09 11:31:29', '2013-10-29 14:19:49'),
(39, '2012-06-17 16:30:00', 7, 5, '7-5', '2', '2012-06-15 09:10:38', '2013-10-29 14:19:49'),
(40, '2012-06-24 18:30:00', 13, 12, '13-12', '2', '2012-06-23 15:55:31', '2013-10-29 14:19:49'),
(41, '2012-07-01 18:30:00', 12, 9, '12-9', '2', '2012-06-29 21:55:08', '2013-10-29 14:19:49'),
(43, '2012-07-22 18:30:00', 10, 9, '10-9', '2', '2012-07-21 14:19:20', '2013-10-29 14:19:49'),
(44, '2012-07-29 18:30:00', 4, 6, '4-6', '2', '2012-07-27 09:41:56', '2013-10-29 14:19:49'),
(45, '2012-08-05 18:30:00', 13, 7, '13-7', '2', '2012-08-04 11:45:18', '2013-10-29 14:19:49'),
(46, '2012-08-12 18:30:00', 7, 12, '7-12', '2', '2012-08-11 12:23:19', '2013-10-29 14:19:49'),
(47, '2012-08-19 18:30:00', 8, 7, '8-7', '2', '2012-08-18 12:21:02', '2013-10-29 14:19:49'),
(48, '2012-08-26 18:30:00', 4, 14, '4-14', '2', '2012-08-25 12:36:55', '2013-10-29 14:19:49'),
(49, '2012-09-02 18:30:00', 9, 5, '9-5', '2', '2012-08-31 11:14:17', '2013-10-29 14:19:49'),
(50, '2012-09-09 18:30:00', 14, 6, '14-6', '2', '2012-09-08 12:17:21', '2013-10-29 14:19:49'),
(51, '2012-09-16 18:30:00', 7, 5, '7-5', '2', '2012-09-15 10:42:01', '2013-10-29 14:19:49'),
(52, '2012-09-23 18:30:00', 14, 13, '14-13', '2', '2012-09-22 11:36:42', '2013-10-29 14:19:49'),
(53, '2012-09-30 18:30:00', 9, 14, '9-14', '2', '2012-09-29 10:26:43', '2013-10-29 14:19:49'),
(54, '2012-10-07 18:30:00', 14, 10, '14-10', '2', '2012-10-06 01:02:13', '2013-10-29 14:19:49'),
(55, '2012-10-14 18:30:00', 8, 11, '8-11', '2', '2012-10-13 09:24:02', '2013-10-29 14:19:49'),
(56, '2012-10-28 18:30:00', 5, 11, '5-11', '2', '2012-10-26 15:42:21', '2013-10-29 14:19:49'),
(57, '2012-11-04 18:30:00', 10, 8, '10-8', '2', '2012-11-03 13:14:19', '2013-10-29 14:19:49'),
(58, '2012-11-11 17:30:00', 17, 7, '17-7', '2', '2012-11-09 11:43:19', '2013-10-29 14:19:49'),
(59, '2012-11-18 18:30:00', 14, 3, '14-3', '2', '2012-11-14 09:47:48', '2013-10-29 14:19:49'),
(60, '2012-11-25 18:30:00', 3, 6, '3-6', '2', '2012-11-22 21:51:57', '2013-10-29 14:19:49'),
(61, '2012-12-02 18:30:00', 9, 11, '9-11', '2', '2012-12-01 09:08:56', '2013-10-29 14:19:49'),
(62, '2012-12-09 18:30:00', 8, 2, '8-2', '2', '2012-12-08 08:28:02', '2013-10-29 14:19:49'),
(63, '2012-12-23 18:30:00', 13, 3, '13-3', '2', '2012-12-21 17:44:54', '2013-10-29 14:19:49'),
(65, '2013-01-06 18:30:00', 6, 7, '6-7', '2', '2013-01-05 10:25:07', '2013-10-29 14:19:49'),
(66, '2013-01-13 17:30:00', 7, 12, '7-12', '2', '2013-01-11 15:42:11', '2013-10-29 14:19:49'),
(67, '2013-01-27 18:30:00', 9, 6, '9-6', '2', '2013-01-14 05:36:09', '2013-10-29 14:19:49'),
(68, '2013-02-03 18:30:00', 5, 19, '5-19', '2', '2013-02-01 08:08:56', '2013-10-29 14:19:49'),
(69, '2013-02-10 20:00:00', 7, 9, '7-9', '2', '2013-02-09 07:20:15', '2013-10-29 14:19:49'),
(70, '2013-02-17 18:30:00', 6, 13, '6-13', '2', '2013-02-15 08:09:27', '2013-10-29 14:19:49'),
(71, '2013-02-24 15:30:00', 5, 6, '5-6', '2', '2013-02-22 14:31:14', '2013-10-29 14:19:49'),
(72, '2013-03-03 18:30:00', 14, 10, '14-10', '2', '2013-03-02 07:37:52', '2013-10-29 14:19:49'),
(73, '2013-03-10 18:30:00', 13, 4, '13-4', '2', '2013-03-09 10:04:27', '2013-10-29 14:19:49'),
(74, '2013-03-17 18:30:00', 5, 14, '5-14', '2', '2013-03-16 12:09:25', '2013-10-29 14:19:49'),
(75, '2013-03-24 18:30:00', 6, 12, '6-12', '2', '2013-03-23 10:02:37', '2013-10-29 14:19:49'),
(76, '2013-03-31 18:30:00', 6, 7, '6-7', '2', '2013-03-28 23:04:47', '2013-10-29 14:19:49'),
(77, '2013-04-07 18:30:00', 8, 7, '8-7', '2', '2013-04-05 08:21:11', '2013-10-29 14:19:49'),
(78, '2013-04-14 18:30:00', 5, 8, '5-8', '2', '2013-04-12 07:48:03', '2013-10-29 14:19:49'),
(79, '2013-04-21 17:30:00', 13, 6, '13-6', '2', '2013-04-20 06:48:21', '2013-10-29 14:19:49'),
(80, '2013-04-28 18:30:00', 3, 11, '3-11', '2', '2013-04-27 14:46:45', '2013-10-29 14:19:49'),
(81, '2013-05-05 18:30:00', 11, 8, '11-8', '2', '2013-05-04 06:05:52', '2013-10-29 14:19:49'),
(82, '2013-05-12 18:30:00', 6, 7, '6-7', '2', '2013-05-11 06:00:43', '2013-10-29 14:19:49'),
(83, '2013-05-19 15:30:00', 5, 12, '5-12', '2', '2013-05-18 07:52:18', '2013-10-29 14:19:49'),
(84, '2013-06-02 19:00:00', 12, 11, '12-11', '2', '2013-05-31 15:41:21', '2013-10-29 14:19:49'),
(85, '2013-06-09 15:30:00', 6, 7, '6-7', '2', '2013-06-08 15:00:21', '2013-10-29 14:19:49'),
(86, '2013-06-16 18:30:00', 3, 13, '3-13', '2', '2013-06-14 15:38:15', '2013-10-29 14:19:49'),
(87, '2013-06-23 18:30:00', 8, 5, '8-5', '2', '2013-06-21 07:46:58', '2013-10-29 14:19:49'),
(88, '2013-06-30 18:30:00', 13, 9, '13-9', '2', '2013-06-29 11:59:24', '2013-10-29 14:19:49'),
(89, '2013-07-07 18:30:00', 8, 6, '8-6', '2', '2013-07-05 11:15:46', '2013-10-29 14:19:49'),
(90, '2013-07-14 18:30:00', 4, 10, '4-10', '2', '2013-07-13 12:54:59', '2013-10-29 14:19:49'),
(91, '2013-07-21 18:30:00', 8, 9, '8-9', '2', '2013-07-20 06:57:41', '2013-10-29 14:19:49'),
(92, '2013-07-28 18:30:00', 15, 13, '15-13', '2', '2013-07-27 08:02:20', '2013-10-29 14:19:49'),
(93, '2013-08-04 18:30:00', 4, 7, '4-7', '2', '2013-08-03 10:44:36', '2013-10-29 14:19:49'),
(94, '2013-08-11 18:30:00', 8, 5, '8-5', '2', '2013-08-10 08:15:31', '2013-10-29 14:19:49'),
(95, '2013-08-18 20:00:00', 14, 11, '14-11', '2', '2013-08-16 07:20:17', '2013-10-29 14:19:49'),
(96, '2013-08-25 20:00:00', 7, 13, '7-13', '2', '2013-08-23 11:38:53', '2013-10-29 14:19:49'),
(97, '2013-09-01 18:30:00', 3, 5, '3-5', '2', '2013-08-31 08:15:19', '2013-10-29 14:19:49'),
(98, '2013-09-08 18:30:00', 3, 7, '3-7', '2', '2013-09-06 15:12:45', '2013-10-29 14:19:49'),
(99, '2013-09-15 18:30:00', 4, 12, '4-12', '2', '2013-09-14 08:02:15', '2013-10-29 14:19:49'),
(100, '2013-09-22 16:00:00', 4, 13, '4-13', '2', '2013-09-21 08:04:41', '2013-10-29 14:19:49'),
(101, '2013-09-29 18:30:00', 8, 7, '8-7', '2', '2013-09-28 09:05:14', '2013-10-29 14:19:49'),
(102, '2013-10-06 18:30:00', 12, 8, '12-8', '2', '2013-10-04 21:13:28', '2013-10-29 14:19:49'),
(103, '2013-10-13 18:30:00', 8, 10, '8-10', '2', '2013-10-12 11:40:20', '2013-10-29 14:19:49'),
(104, '2013-10-20 18:30:00', 9, 13, '9-13', '2', '2013-10-19 09:40:05', '2013-10-29 14:19:49'),
(105, '2013-10-27 18:30:00', 5, 4, '5-4', '2', '2013-10-26 10:11:33', '2013-10-29 14:19:49');

-- --------------------------------------------------------

--
-- Table structure for table `games_players`
--

CREATE TABLE IF NOT EXISTS `games_players` (
  `id` int(11) NOT NULL AUTO_INCREMENT,
  `game_id` int(11) NOT NULL,
  `player_id` int(11) NOT NULL,
  PRIMARY KEY (`id`)
) ENGINE=InnoDB DEFAULT CHARSET=utf8 COLLATE=utf8_unicode_ci AUTO_INCREMENT=1 ;

-- --------------------------------------------------------

--
-- Table structure for table `goals`
--

CREATE TABLE IF NOT EXISTS `goals` (
  `id` int(10) unsigned NOT NULL AUTO_INCREMENT,
  `player_id` int(10) unsigned NOT NULL,
  `game_id` int(10) unsigned NOT NULL,
  `team_id` int(11) NOT NULL,
  `assistencias` int(11) NOT NULL,
  `player_points` int(11) NOT NULL,
  `curr_rating` int(11) NOT NULL,
  `peso` float NOT NULL,
  `basePts` int(11) NOT NULL,
  `spPts` int(11) NOT NULL,
  `golos` int(11) NOT NULL,
  PRIMARY KEY (`id`)
) ENGINE=InnoDB  DEFAULT CHARSET=latin1 AUTO_INCREMENT=863 ;

--
-- Dumping data for table `goals`
--

INSERT INTO `goals` (`id`, `player_id`, `game_id`, `team_id`, `assistencias`, `player_points`, `curr_rating`, `peso`, `basePts`, `spPts`, `golos`) VALUES
(16, 32, 11, 11, 0, 550, 500, 20, 513, 37, 1),
(17, 14, 11, 11, 0, 550, 500, 20, 513, 37, 1),
(18, 19, 11, 11, 0, 623, 500, 20, 513, 110, 3),
(19, 18, 11, 11, 0, 623, 500, 20, 513, 110, 3),
(20, 23, 11, 11, 0, 587, 500, 20, 513, 73, 2),
(21, 21, 11, 12, 0, 426, 500, 20, 362, 65, 2),
(22, 15, 11, 12, 0, 459, 500, 20, 362, 97, 3),
(23, 20, 11, 12, 0, 459, 500, 20, 362, 97, 3),
(24, 25, 11, 12, 0, 362, 500, 20, 362, 0, 0),
(25, 22, 11, 12, 0, 362, 500, 20, 362, 0, 0),
(26, 16, 23, 13, 0, 391, 500, 19.9, 325, 67, 2),
(27, 14, 23, 13, 0, 327, 503, 20, 327, 0, 0),
(28, 19, 23, 13, 0, 395, 506, 20.2, 329, 67, 2),
(29, 20, 23, 13, 0, 390, 498, 19.8, 323, 67, 2),
(30, 23, 23, 13, 0, 361, 504, 20.1, 327, 33, 1),
(31, 21, 23, 14, 0, 744, 496, 20, 548, 196, 5),
(32, 15, 23, 14, 0, 589, 498, 20, 550, 39, 1),
(33, 18, 23, 14, 0, 637, 506, 20.4, 559, 78, 2),
(34, 25, 23, 14, 0, 623, 493, 19.8, 544, 78, 2),
(35, 22, 23, 14, 0, 544, 493, 19.8, 544, 0, 0),
(36, 14, 24, 31, 0, 293, 494, 19.7, 256, 37, 1),
(37, 15, 24, 30, 0, 754, 502, 20.2, 622, 132, 3),
(38, 16, 24, 30, 0, 613, 495, 19.9, 613, 0, 0),
(39, 17, 24, 30, 0, 751, 500, 20.1, 620, 132, 3),
(40, 18, 24, 31, 0, 302, 513, 20.5, 265, 37, 1),
(41, 19, 24, 31, 0, 259, 501, 20, 259, 0, 0),
(42, 20, 24, 30, 0, 742, 492, 19.8, 610, 132, 3),
(43, 22, 24, 30, 0, 657, 495, 19.9, 613, 44, 1),
(44, 25, 24, 31, 0, 369, 499, 19.9, 258, 111, 3),
(45, 30, 24, 31, 0, 259, 500, 19.9, 259, 0, 0),
(66, 15, 25, 32, 0, 717, 515, 20.5, 630, 88, 4),
(67, 21, 25, 32, 0, 754, 509, 20.2, 622, 132, 6),
(68, 20, 25, 32, 0, 705, 505, 20.1, 617, 88, 4),
(69, 16, 25, 32, 0, 743, 500, 19.9, 611, 132, 6),
(70, 19, 25, 32, 0, 598, 489, 19.4, 598, 0, 0),
(71, 22, 25, 33, 0, 263, 503, 20.2, 263, 0, 0),
(72, 30, 25, 33, 0, 341, 488, 19.6, 255, 86, 7),
(73, 17, 25, 33, 0, 305, 513, 20.6, 268, 37, 3),
(74, 23, 25, 33, 0, 296, 497, 20, 259, 37, 3),
(75, 14, 25, 33, 0, 277, 484, 19.5, 253, 25, 2),
(76, 21, 26, 34, 0, 655, 521, 20.8, 571, 84, 3),
(77, 16, 26, 34, 0, 730, 512, 20.5, 562, 168, 6),
(78, 18, 26, 34, 0, 636, 503, 20.1, 552, 84, 3),
(79, 19, 26, 34, 0, 542, 494, 19.7, 542, 0, 0),
(80, 14, 26, 34, 0, 574, 472, 18.9, 518, 56, 2),
(81, 20, 26, 35, 0, 420, 515, 20.6, 336, 85, 4),
(82, 22, 26, 35, 0, 320, 491, 19.6, 320, 0, 0),
(83, 24, 26, 35, 0, 347, 500, 20, 326, 21, 1),
(84, 17, 26, 35, 0, 413, 503, 20.1, 328, 85, 4),
(85, 25, 26, 35, 0, 364, 493, 19.7, 321, 42, 2),
(86, 21, 29, 38, 0, 465, 529, 21.3, 425, 41, 1),
(87, 20, 29, 38, 0, 532, 511, 20.6, 410, 122, 3),
(88, 22, 29, 38, 0, 428, 482, 19.4, 387, 41, 1),
(89, 14, 29, 38, 0, 382, 476, 19.2, 382, 0, 0),
(90, 25, 29, 38, 0, 472, 486, 19.6, 390, 81, 2),
(91, 15, 29, 39, 0, 534, 526, 20.6, 491, 43, 1),
(92, 16, 29, 39, 0, 575, 524, 20.6, 490, 85, 2),
(93, 18, 29, 39, 0, 562, 510, 20, 476, 85, 2),
(94, 19, 29, 39, 0, 548, 496, 19.5, 463, 85, 2),
(95, 24, 29, 39, 0, 502, 492, 19.3, 460, 43, 1),
(96, 15, 30, 40, 0, 295, 528, 21.1, 274, 21, 1),
(97, 20, 30, 40, 0, 307, 512, 20.5, 266, 41, 2),
(98, 23, 30, 40, 0, 315, 487, 19.5, 253, 62, 3),
(99, 14, 30, 40, 0, 285, 470, 18.8, 244, 41, 2),
(100, 33, 30, 40, 0, 280, 500, 20, 260, 21, 1),
(101, 31, 30, 41, 0, 669, 500, 19.7, 606, 63, 2),
(102, 21, 30, 41, 0, 671, 527, 20.8, 639, 31, 1),
(103, 16, 30, 41, 0, 766, 528, 20.8, 640, 126, 4),
(104, 17, 30, 41, 0, 792, 498, 19.6, 604, 188, 6),
(105, 25, 30, 41, 0, 620, 485, 19.1, 588, 31, 1),
(106, 16, 31, 42, 0, 539, 541, 21.3, 425, 114, 4),
(107, 18, 31, 42, 0, 432, 513, 20.2, 403, 28, 1),
(108, 17, 31, 42, 0, 460, 513, 20.2, 403, 57, 2),
(109, 24, 31, 42, 0, 444, 492, 19.4, 387, 57, 2),
(110, 22, 31, 42, 0, 405, 479, 18.9, 376, 28, 1),
(111, 21, 31, 43, 0, 601, 536, 21.4, 508, 93, 3),
(112, 15, 31, 43, 0, 552, 517, 20.6, 490, 62, 2),
(113, 34, 31, 43, 0, 505, 500, 19.9, 474, 31, 1),
(114, 19, 31, 43, 0, 503, 498, 19.8, 472, 31, 1),
(115, 14, 31, 43, 0, 559, 459, 18.3, 435, 124, 4),
(116, 21, 32, 44, 0, 291, 541, 21.4, 244, 47, 2),
(117, 18, 32, 44, 0, 277, 510, 20.2, 230, 47, 2),
(118, 19, 32, 44, 0, 248, 498, 19.7, 225, 23, 1),
(119, 22, 32, 44, 0, 261, 474, 18.8, 214, 47, 2),
(120, 16, 32, 45, 0, 837, 543, 21.5, 695, 142, 4),
(121, 15, 32, 45, 0, 736, 520, 20.6, 665, 71, 2),
(122, 17, 32, 45, 0, 832, 511, 20.2, 654, 178, 5),
(123, 14, 32, 45, 0, 627, 462, 18.3, 591, 36, 1),
(124, 25, 32, 45, 0, 664, 491, 19.4, 628, 36, 1),
(125, 20, 32, 44, 0, 227, 503, 19.9, 227, 0, 0),
(127, 17, 33, 46, 0, 758, 528, 21.3, 584, 174, 4),
(128, 34, 33, 46, 0, 553, 500, 20.2, 553, 0, 0),
(129, 18, 33, 46, 0, 638, 498, 20.1, 551, 87, 2),
(130, 19, 33, 46, 0, 625, 486, 19.6, 538, 87, 2),
(131, 14, 33, 46, 0, 562, 469, 18.9, 519, 44, 1),
(132, 15, 33, 47, 0, 429, 532, 21.5, 351, 78, 2),
(133, 35, 33, 47, 0, 408, 500, 20.2, 330, 78, 2),
(134, 25, 33, 47, 0, 329, 499, 20.2, 329, 0, 0),
(135, 23, 33, 47, 0, 354, 478, 19.3, 315, 39, 1),
(136, 22, 33, 47, 0, 344, 462, 18.7, 305, 39, 1),
(137, 16, 34, 48, 0, 473, 560, 21.9, 437, 36, 1),
(138, 17, 34, 48, 0, 494, 541, 21.2, 422, 71, 2),
(139, 19, 34, 48, 0, 455, 492, 19.3, 384, 71, 2),
(140, 24, 34, 48, 0, 454, 490, 19.2, 383, 71, 2),
(141, 23, 34, 48, 0, 403, 471, 18.4, 368, 36, 1),
(142, 21, 34, 49, 0, 582, 530, 21.3, 507, 76, 2),
(143, 15, 34, 49, 0, 581, 528, 21.2, 505, 76, 2),
(144, 18, 34, 49, 0, 559, 505, 20.3, 483, 76, 2),
(145, 14, 34, 49, 0, 489, 472, 19, 451, 38, 1),
(146, 22, 34, 49, 0, 510, 454, 18.2, 434, 76, 2),
(147, 21, 35, 50, 0, 183, 534, 21.4, 183, 0, 0),
(148, 18, 35, 50, 0, 215, 508, 20.4, 174, 41, 1),
(149, 14, 35, 50, 0, 202, 471, 18.9, 161, 41, 1),
(150, 25, 35, 50, 0, 209, 490, 19.7, 168, 41, 1),
(151, 24, 35, 50, 0, 167, 487, 19.6, 167, 0, 0),
(152, 15, 35, 51, 0, 978, 532, 21.3, 749, 229, 5),
(153, 16, 35, 51, 0, 969, 558, 22.3, 786, 183, 4),
(154, 20, 35, 51, 0, 689, 489, 19.6, 689, 0, 0),
(155, 22, 35, 51, 0, 732, 455, 18.2, 641, 91, 2),
(156, 23, 35, 51, 0, 656, 466, 18.6, 656, 0, 0),
(157, 17, 36, 52, 0, 349, 540, 22.1, 287, 62, 3),
(158, 30, 36, 52, 0, 296, 480, 19.7, 255, 41, 2),
(159, 19, 36, 52, 0, 302, 490, 20.1, 260, 41, 2),
(160, 14, 36, 52, 0, 284, 456, 18.7, 242, 41, 2),
(161, 23, 36, 52, 0, 252, 474, 19.4, 252, 0, 0),
(162, 21, 36, 53, 0, 684, 519, 20.2, 621, 63, 2),
(163, 16, 36, 53, 0, 822, 582, 22.6, 697, 126, 4),
(164, 18, 36, 53, 0, 686, 494, 19.2, 591, 94, 3),
(165, 36, 36, 53, 0, 756, 500, 19.4, 599, 157, 5),
(166, 25, 36, 53, 0, 570, 476, 18.5, 570, 0, 0),
(167, 15, 37, 54, 0, 495, 556, 22.4, 447, 47, 1),
(168, 31, 37, 54, 0, 409, 508, 20.5, 409, 0, 0),
(169, 22, 37, 54, 0, 470, 466, 18.8, 375, 95, 2),
(170, 18, 37, 54, 0, 547, 503, 20.3, 405, 142, 3),
(171, 14, 37, 54, 0, 359, 446, 18, 359, 0, 0),
(172, 36, 37, 55, 0, 575, 513, 20.1, 478, 97, 2),
(173, 21, 37, 55, 0, 541, 528, 20.7, 492, 49, 1),
(174, 37, 37, 55, 0, 515, 500, 19.6, 466, 49, 1),
(175, 19, 37, 55, 0, 447, 480, 18.8, 447, 0, 0),
(176, 17, 37, 55, 0, 643, 533, 20.9, 497, 146, 3),
(193, 16, 38, 57, 0, 791, 598, 23.1, 711, 80, 2),
(194, 17, 38, 57, 0, 722, 540, 20.9, 642, 80, 2),
(195, 23, 38, 57, 0, 708, 461, 17.8, 548, 160, 4),
(196, 24, 38, 57, 0, 600, 471, 18.2, 560, 40, 1),
(197, 21, 38, 56, 0, 303, 530, 21, 272, 31, 1),
(198, 15, 38, 56, 0, 378, 556, 22, 285, 93, 3),
(199, 38, 38, 56, 0, 287, 500, 19.8, 256, 31, 1),
(200, 31, 38, 56, 0, 289, 504, 19.9, 259, 31, 1),
(201, 14, 38, 56, 0, 225, 439, 17.4, 225, 0, 0),
(202, 36, 38, 57, 0, 695, 517, 20, 615, 80, 2),
(207, 15, 39, 58, 0, 716, 550, 21.8, 559, 157, 3),
(208, 21, 39, 58, 0, 580, 520, 20.6, 528, 52, 1),
(209, 37, 39, 58, 0, 509, 501, 19.8, 509, 0, 0),
(210, 19, 39, 58, 0, 589, 477, 18.9, 484, 105, 2),
(211, 25, 39, 58, 0, 539, 479, 19, 486, 52, 1),
(212, 36, 39, 59, 0, 388, 526, 21.5, 388, 0, 0),
(213, 17, 39, 59, 0, 458, 551, 22.5, 407, 52, 1),
(214, 23, 39, 59, 0, 452, 472, 19.3, 348, 103, 2),
(215, 14, 39, 59, 0, 417, 425, 17.3, 314, 103, 2),
(216, 24, 39, 59, 0, 351, 476, 19.4, 351, 0, 0),
(217, 21, 40, 60, 0, 615, 524, 21.4, 510, 105, 4),
(218, 18, 40, 60, 0, 519, 506, 20.7, 493, 26, 1),
(219, 39, 40, 60, 0, 592, 500, 20.5, 487, 105, 4),
(220, 31, 40, 60, 0, 533, 493, 20.2, 480, 52, 2),
(221, 14, 40, 60, 0, 462, 421, 17.2, 410, 52, 2),
(222, 15, 40, 61, 0, 561, 561, 22.2, 443, 119, 5),
(223, 17, 40, 61, 0, 504, 549, 21.7, 433, 71, 3),
(224, 23, 40, 61, 0, 394, 469, 18.6, 370, 24, 1),
(225, 25, 40, 61, 0, 427, 481, 19, 379, 47, 2),
(226, 24, 40, 61, 0, 393, 468, 18.5, 369, 24, 1),
(227, 16, 41, 62, 0, 802, 612, 24.5, 672, 131, 4),
(228, 18, 41, 62, 0, 622, 507, 20.3, 556, 65, 2),
(229, 20, 41, 62, 0, 548, 499, 20, 548, 0, 0),
(230, 14, 41, 62, 0, 590, 419, 16.8, 460, 131, 4),
(231, 23, 41, 62, 0, 574, 464, 18.6, 509, 65, 2),
(232, 21, 41, 63, 0, 368, 530, 21, 342, 26, 1),
(233, 15, 41, 63, 0, 415, 564, 22.3, 364, 52, 2),
(234, 31, 41, 63, 0, 397, 495, 19.6, 319, 78, 3),
(235, 25, 41, 63, 0, 308, 477, 18.9, 308, 0, 0),
(236, 24, 41, 63, 0, 376, 463, 18.3, 299, 78, 3),
(237, 16, 43, 66, 0, 718, 628, 24.5, 582, 136, 4),
(238, 15, 43, 66, 0, 552, 559, 21.8, 518, 34, 1),
(239, 31, 43, 66, 0, 522, 490, 19.1, 454, 68, 2),
(240, 23, 43, 66, 0, 468, 468, 18.2, 434, 34, 1),
(241, 14, 43, 66, 0, 460, 423, 16.5, 392, 68, 2),
(242, 21, 43, 67, 0, 449, 523, 20.9, 417, 32, 1),
(243, 37, 43, 67, 0, 431, 501, 20, 399, 32, 1),
(244, 18, 43, 67, 0, 472, 513, 20.5, 409, 63, 2),
(245, 41, 43, 67, 0, 525, 500, 20, 399, 127, 4),
(246, 22, 43, 67, 0, 402, 465, 18.6, 371, 32, 1),
(247, 16, 44, 68, 0, 592, 638, 25.6, 462, 129, 2),
(248, 18, 44, 68, 0, 370, 511, 20.5, 370, 0, 0),
(249, 23, 44, 68, 0, 338, 466, 18.7, 338, 0, 0),
(250, 14, 44, 68, 0, 434, 421, 16.9, 305, 129, 2),
(251, 22, 44, 68, 0, 333, 460, 18.4, 333, 0, 0),
(252, 15, 44, 69, 0, 631, 562, 20.2, 519, 61, 1),
(253, 21, 44, 69, 0, 528, 521, 18.7, 481, 0, 0),
(254, 31, 44, 69, 0, 559, 491, 17.7, 453, 61, 1),
(255, 42, 44, 69, 0, 629, 750, 27, 692, 122, 2),
(256, 24, 44, 69, 0, 586, 457, 16.4, 422, 122, 2),
(257, 15, 45, 70, 0, 779, 569, 23, 743, 36, 1),
(258, 21, 45, 70, 0, 824, 522, 21.1, 682, 142, 4),
(259, 18, 45, 70, 0, 802, 505, 20.4, 660, 142, 4),
(260, 14, 45, 70, 0, 617, 418, 16.9, 546, 71, 2),
(261, 24, 45, 70, 0, 673, 461, 18.6, 602, 71, 2),
(262, 16, 45, 71, 0, 305, 643, 24.7, 282, 23, 1),
(263, 31, 45, 71, 0, 240, 494, 19, 216, 23, 1),
(264, 17, 45, 71, 0, 287, 549, 21.1, 240, 47, 2),
(265, 25, 45, 71, 0, 228, 468, 18, 205, 23, 1),
(266, 22, 45, 71, 0, 245, 452, 17.3, 198, 47, 2),
(267, 15, 46, 72, 0, 297, 583, 22.9, 297, 0, 0),
(268, 17, 46, 72, 0, 354, 538, 21.2, 274, 79, 3),
(269, 43, 46, 72, 0, 334, 500, 19.7, 255, 79, 3),
(270, 20, 46, 72, 0, 256, 501, 19.7, 256, 0, 0),
(271, 14, 46, 72, 0, 241, 421, 16.6, 215, 26, 1),
(272, 16, 46, 73, 0, 822, 633, 24.3, 748, 73, 2),
(273, 21, 46, 73, 0, 709, 538, 20.7, 636, 73, 2),
(274, 18, 46, 73, 0, 761, 520, 20, 615, 147, 4),
(275, 23, 46, 73, 0, 615, 458, 17.6, 542, 73, 2),
(276, 25, 46, 73, 0, 610, 454, 17.4, 537, 73, 2),
(277, 21, 47, 74, 0, 665, 549, 20.8, 495, 170, 4),
(278, 15, 47, 74, 0, 516, 572, 21.7, 516, 0, 0),
(279, 18, 47, 74, 0, 524, 533, 20.2, 481, 43, 1),
(280, 32, 47, 74, 0, 496, 503, 19.1, 454, 43, 1),
(281, 31, 47, 74, 0, 519, 481, 18.2, 434, 85, 2),
(282, 36, 47, 75, 0, 448, 521, 20.4, 407, 41, 1),
(283, 16, 47, 75, 0, 589, 649, 25.4, 507, 81, 2),
(284, 44, 47, 75, 0, 432, 500, 19.6, 391, 41, 1),
(285, 23, 47, 75, 0, 444, 464, 18.2, 363, 81, 2),
(286, 14, 47, 75, 0, 367, 417, 16.3, 326, 41, 1),
(287, 21, 48, 76, 0, 133, 561, 22.4, 133, 0, 0),
(288, 17, 48, 76, 0, 169, 531, 21.2, 126, 42, 2),
(289, 20, 48, 76, 0, 137, 489, 19.5, 116, 21, 1),
(290, 23, 48, 76, 0, 110, 461, 18.4, 110, 0, 0),
(291, 25, 48, 76, 0, 131, 460, 18.4, 109, 21, 1),
(292, 15, 48, 77, 0, 974, 575, 23.7, 896, 77, 2),
(293, 30, 48, 77, 0, 964, 470, 19.4, 733, 231, 6),
(294, 38, 48, 77, 0, 801, 489, 20.2, 762, 39, 1),
(295, 14, 48, 77, 0, 772, 421, 17.4, 656, 116, 3),
(296, 24, 48, 77, 0, 810, 470, 19.4, 733, 77, 2),
(297, 31, 49, 78, 0, 677, 482, 20, 584, 93, 2),
(298, 19, 49, 78, 0, 630, 482, 20, 584, 46, 1),
(299, 17, 49, 78, 0, 763, 515, 21.4, 624, 139, 3),
(300, 24, 49, 78, 0, 680, 485, 20.2, 588, 93, 2),
(301, 23, 49, 78, 0, 581, 441, 18.3, 534, 46, 1),
(302, 15, 49, 79, 0, 354, 595, 24.2, 354, 0, 0),
(303, 18, 49, 79, 0, 401, 534, 21.8, 318, 83, 2),
(304, 14, 49, 79, 0, 348, 445, 18.1, 265, 83, 2),
(305, 25, 49, 79, 0, 304, 441, 18, 262, 42, 1),
(306, 22, 49, 79, 0, 261, 439, 17.9, 261, 0, 0),
(307, 15, 50, 80, 0, 930, 575, 23.3, 822, 108, 3),
(308, 18, 50, 80, 0, 828, 529, 21.5, 756, 72, 2),
(309, 24, 50, 80, 0, 742, 494, 20.1, 706, 36, 1),
(310, 14, 50, 80, 0, 800, 434, 17.6, 621, 180, 5),
(311, 25, 50, 80, 0, 724, 431, 17.5, 616, 108, 3),
(312, 21, 50, 81, 0, 226, 530, 21.7, 185, 41, 2),
(313, 19, 50, 81, 0, 211, 488, 20, 170, 41, 2),
(314, 17, 50, 81, 0, 205, 528, 21.6, 184, 20, 1),
(315, 20, 50, 81, 0, 164, 471, 19.3, 164, 0, 0),
(316, 22, 50, 81, 0, 169, 427, 17.5, 149, 20, 1),
(317, 16, 51, 82, 0, 696, 654, 25.1, 643, 52, 1),
(318, 31, 51, 82, 0, 483, 491, 18.8, 483, 0, 0),
(319, 17, 51, 82, 0, 662, 513, 19.7, 505, 157, 3),
(320, 24, 51, 82, 0, 602, 506, 19.4, 498, 105, 2),
(321, 23, 51, 82, 0, 490, 445, 17.1, 438, 52, 1),
(322, 15, 51, 83, 0, 574, 585, 23.1, 419, 155, 3),
(323, 21, 51, 83, 0, 361, 504, 19.9, 361, 0, 0),
(324, 18, 51, 83, 0, 490, 540, 21.4, 387, 103, 2),
(325, 14, 51, 83, 0, 326, 455, 18, 326, 0, 0),
(326, 25, 51, 83, 0, 317, 443, 17.5, 317, 0, 0),
(327, 15, 52, 84, 0, 651, 587, 24.3, 578, 73, 3),
(328, 19, 52, 84, 0, 467, 474, 19.6, 467, 0, 0),
(329, 23, 52, 84, 0, 511, 445, 18.4, 438, 73, 3),
(330, 14, 52, 84, 0, 499, 457, 18.9, 450, 49, 2),
(331, 20, 52, 84, 0, 593, 454, 18.8, 447, 146, 6),
(332, 31, 52, 85, 0, 525, 490, 20.8, 415, 110, 5),
(333, 21, 52, 85, 0, 458, 489, 20.8, 414, 44, 2),
(334, 18, 52, 85, 0, 494, 532, 22.6, 451, 44, 2),
(335, 25, 52, 85, 0, 368, 434, 18.4, 368, 0, 0),
(336, 22, 52, 85, 0, 435, 410, 17.4, 347, 88, 4),
(337, 36, 53, 86, 0, 323, 518, 21.7, 282, 41, 2),
(338, 21, 53, 86, 0, 307, 489, 20.5, 266, 41, 2),
(339, 19, 53, 86, 0, 278, 472, 19.8, 257, 21, 1),
(340, 23, 53, 86, 0, 242, 445, 18.7, 242, 0, 0),
(341, 20, 53, 86, 0, 332, 458, 19.2, 249, 82, 4),
(342, 16, 53, 87, 0, 853, 664, 24.7, 759, 94, 3),
(343, 15, 53, 87, 0, 755, 605, 22.5, 692, 63, 2),
(344, 18, 53, 87, 0, 714, 542, 20.1, 620, 94, 3),
(345, 14, 53, 87, 0, 645, 454, 16.9, 519, 126, 4),
(346, 25, 53, 87, 0, 551, 427, 15.9, 488, 63, 2),
(347, 16, 54, 88, 0, 884, 681, 26.3, 766, 119, 4),
(348, 18, 54, 88, 0, 733, 546, 21.1, 614, 119, 4),
(349, 19, 54, 88, 0, 637, 461, 17.8, 518, 119, 4),
(350, 14, 54, 88, 0, 541, 455, 17.5, 511, 30, 1),
(351, 20, 54, 88, 0, 536, 450, 17.4, 506, 30, 1),
(352, 15, 54, 89, 0, 396, 615, 24.3, 355, 42, 2),
(353, 31, 54, 89, 0, 304, 491, 19.4, 283, 21, 1),
(354, 21, 54, 89, 0, 313, 470, 18.6, 271, 42, 2),
(355, 17, 54, 89, 0, 363, 521, 20.6, 300, 63, 3),
(356, 25, 54, 89, 0, 293, 436, 17.2, 251, 42, 2),
(357, 30, 55, 90, 0, 472, 493, 21.8, 355, 116, 4),
(358, 19, 55, 90, 0, 395, 468, 20.7, 337, 58, 2),
(359, 14, 55, 90, 0, 385, 454, 20.1, 327, 58, 2),
(360, 23, 55, 90, 0, 308, 428, 18.9, 308, 0, 0),
(361, 25, 55, 90, 0, 303, 420, 18.6, 303, 0, 0),
(362, 15, 55, 91, 0, 686, 598, 23.7, 650, 36, 1),
(363, 18, 55, 91, 0, 745, 554, 21.9, 602, 143, 4),
(364, 17, 55, 91, 0, 594, 514, 20.4, 559, 36, 1),
(365, 20, 55, 91, 0, 563, 452, 17.9, 491, 71, 2),
(366, 22, 55, 91, 0, 549, 407, 16.1, 442, 107, 3),
(367, 16, 56, 92, 0, 358, 706, 28.5, 325, 33, 1),
(368, 31, 56, 92, 0, 222, 481, 19.4, 222, 0, 0),
(369, 14, 56, 92, 0, 239, 449, 18.1, 207, 33, 1),
(370, 23, 56, 92, 0, 229, 426, 17.2, 196, 33, 1),
(371, 25, 56, 92, 0, 257, 417, 16.8, 192, 65, 2),
(372, 15, 56, 93, 0, 981, 611, 25.1, 813, 168, 4),
(373, 30, 56, 93, 0, 780, 492, 20.2, 654, 126, 3),
(374, 19, 56, 93, 0, 658, 463, 19, 616, 42, 1),
(375, 20, 56, 93, 0, 689, 455, 18.7, 605, 84, 2),
(376, 22, 56, 93, 0, 587, 410, 16.9, 545, 42, 1),
(377, 15, 57, 94, 0, 676, 631, 24.9, 639, 37, 1),
(378, 17, 57, 94, 0, 549, 506, 20, 512, 37, 1),
(379, 20, 57, 94, 0, 543, 464, 18.3, 470, 73, 2),
(380, 24, 57, 94, 0, 664, 511, 20.2, 517, 147, 4),
(381, 23, 57, 94, 0, 501, 422, 16.7, 427, 73, 2),
(382, 16, 57, 95, 0, 580, 693, 26.7, 484, 97, 3),
(383, 18, 57, 95, 0, 398, 570, 22, 398, 0, 0),
(384, 31, 57, 95, 0, 390, 467, 18, 326, 65, 2),
(385, 14, 57, 95, 0, 347, 451, 17.4, 315, 32, 1),
(386, 25, 57, 95, 0, 351, 411, 15.9, 287, 65, 2),
(387, 30, 58, 96, 0, 964, 506, 21.3, 805, 159, 5),
(388, 17, 58, 96, 0, 1016, 519, 21.8, 825, 191, 6),
(389, 20, 58, 96, 0, 806, 467, 19.6, 743, 64, 2),
(390, 19, 58, 96, 0, 844, 471, 19.8, 749, 95, 3),
(391, 22, 58, 96, 0, 690, 414, 17.4, 658, 32, 1),
(392, 15, 58, 97, 0, 155, 616, 24, 142, 12, 1),
(393, 18, 58, 97, 0, 145, 576, 22.4, 133, 12, 1),
(394, 24, 58, 97, 0, 145, 520, 20.2, 120, 24, 2),
(395, 14, 58, 97, 0, 129, 454, 17.7, 105, 24, 2),
(396, 25, 58, 97, 0, 106, 405, 15.8, 94, 12, 1),
(397, 15, 59, 98, 2, 1079, 599, 24.8, 968, 110, 3),
(398, 21, 59, 98, 2, 821, 456, 18.9, 737, 84, 2),
(399, 20, 59, 98, 3, 906, 482, 20, 779, 126, 3),
(400, 14, 59, 98, 4, 857, 442, 18.3, 715, 142, 3),
(401, 23, 59, 98, 1, 793, 432, 17.9, 698, 94, 3),
(402, 16, 59, 99, 0, 157, 685, 26.3, 125, 32, 2),
(403, 17, 59, 99, 2, 120, 549, 21.1, 100, 20, 0),
(404, 19, 59, 99, 0, 88, 482, 18.5, 88, 0, 0),
(405, 31, 59, 99, 0, 84, 462, 17.7, 84, 0, 0),
(406, 22, 59, 99, 0, 95, 430, 16.5, 79, 16, 1),
(407, 15, 60, 100, 1, 503, 634, 25.4, 414, 89, 1),
(408, 19, 60, 100, 1, 338, 466, 18.7, 304, 34, 0),
(409, 20, 60, 100, 0, 329, 504, 20.2, 329, 0, 0),
(410, 17, 60, 100, 0, 446, 515, 20.6, 336, 110, 2),
(411, 25, 60, 100, 0, 247, 379, 15.2, 247, 0, 0),
(412, 16, 60, 101, 2, 883, 656, 25.5, 700, 183, 3),
(413, 18, 60, 101, 0, 588, 551, 21.4, 588, 0, 0),
(414, 21, 60, 101, 2, 612, 483, 18.8, 515, 96, 1),
(415, 14, 60, 101, 1, 619, 474, 18.4, 506, 113, 2),
(416, 22, 60, 101, 0, 435, 408, 15.9, 435, 0, 0),
(417, 16, 61, 102, 1, 554, 672, 26.3, 476, 77, 3),
(418, 20, 61, 102, 0, 419, 501, 19.6, 355, 64, 3),
(419, 14, 61, 102, 1, 399, 484, 19, 343, 56, 2),
(420, 31, 61, 102, 0, 313, 441, 17.3, 313, 0, 0),
(421, 23, 61, 102, 3, 382, 453, 17.8, 321, 61, 1),
(422, 15, 61, 103, 1, 681, 623, 25, 642, 39, 1),
(423, 18, 61, 103, 3, 662, 553, 22.2, 570, 92, 2),
(424, 21, 61, 103, 1, 633, 484, 19.4, 499, 134, 5),
(425, 19, 61, 103, 2, 562, 470, 18.9, 485, 77, 2),
(426, 25, 61, 103, 0, 394, 359, 14.4, 370, 24, 1),
(427, 15, 62, 104, 3, 940, 629, 25.2, 814, 126, 1),
(428, 21, 62, 104, 0, 700, 507, 20.3, 656, 44, 1),
(429, 17, 62, 104, 1, 781, 514, 20.6, 665, 115, 2),
(430, 23, 62, 104, 0, 673, 452, 18.1, 585, 88, 2),
(431, 22, 62, 104, 0, 602, 397, 15.9, 514, 88, 2),
(432, 18, 62, 105, 0, 327, 575, 24.3, 277, 50, 1),
(433, 19, 62, 105, 0, 225, 468, 19.7, 225, 0, 0),
(434, 20, 62, 105, 0, 284, 485, 20.5, 234, 50, 1),
(435, 14, 62, 105, 0, 232, 481, 20.3, 232, 0, 0),
(436, 25, 62, 105, 2, 237, 362, 15.3, 174, 62, 0),
(437, 15, 63, 106, 2, 1071, 656, 25.7, 973, 97, 2),
(438, 17, 63, 106, 0, 910, 512, 20.1, 760, 150, 5),
(439, 20, 63, 106, 3, 774, 464, 18.2, 688, 86, 1),
(440, 14, 63, 106, 1, 826, 463, 18.2, 687, 139, 4),
(441, 23, 63, 106, 2, 739, 453, 17.8, 672, 67, 1),
(442, 21, 63, 107, 0, 147, 507, 20.8, 124, 23, 1),
(443, 24, 63, 107, 0, 122, 502, 20.6, 122, 0, 0),
(444, 46, 63, 107, 0, 169, 500, 20.5, 122, 47, 2),
(445, 37, 63, 107, 0, 121, 498, 20.4, 121, 0, 0),
(446, 31, 63, 107, 1, 120, 432, 17.7, 105, 15, 0),
(447, 18, 65, 110, 1, 516, 557, 23.3, 465, 51, 1),
(448, 21, 65, 110, 1, 458, 488, 20.4, 407, 51, 1),
(449, 19, 65, 110, 1, 429, 453, 19, 378, 51, 1),
(450, 23, 65, 110, 1, 450, 478, 20, 399, 51, 1),
(451, 22, 65, 110, 1, 428, 414, 17.3, 345, 82, 2),
(452, 15, 65, 111, 1, 764, 681, 27, 642, 122, 3),
(459, 17, 65, 111, 0, 523, 519, 20.5, 489, 34, 1),
(460, 20, 65, 111, 1, 576, 482, 19.1, 454, 122, 3),
(461, 14, 65, 111, 2, 495, 481, 19, 453, 42, 0),
(462, 25, 65, 111, 1, 363, 363, 14.4, 342, 21, 0),
(463, 17, 66, 112, 1, 366, 521, 19.9, 258, 81, 3),
(464, 20, 66, 112, 0, 264, 484, 18.5, 240, 0, 0),
(465, 42, 66, 112, 0, 344, 744, 28.5, 369, 67, 3),
(466, 19, 66, 112, 0, 244, 447, 17.1, 222, 0, 0),
(467, 22, 66, 112, 1, 265, 419, 16, 208, 36, 1),
(468, 15, 66, 113, 2, 981, 688, 27.6, 850, 131, 4),
(469, 36, 66, 113, 2, 710, 509, 20.4, 629, 81, 2),
(470, 30, 66, 113, 3, 725, 529, 21.2, 653, 71, 1),
(471, 31, 66, 113, 1, 576, 413, 16.6, 510, 66, 2),
(472, 25, 66, 113, 1, 527, 353, 14.2, 436, 91, 3),
(473, 36, 67, 114, 0, 715, 520, 22.1, 606, 108, 3),
(474, 17, 67, 114, 0, 681, 522, 22.2, 609, 72, 2),
(475, 21, 67, 114, 0, 685, 495, 21, 577, 108, 3),
(476, 23, 67, 114, 1, 601, 465, 19.8, 542, 58, 1),
(477, 25, 67, 114, 2, 455, 352, 15, 410, 45, 0),
(478, 15, 67, 115, 1, 522, 698, 27.2, 444, 78, 2),
(479, 18, 67, 115, 1, 402, 556, 21.7, 354, 48, 1),
(480, 20, 67, 115, 0, 396, 482, 18.8, 307, 89, 3),
(481, 31, 67, 115, 0, 265, 417, 16.3, 265, 0, 0),
(482, 22, 67, 115, 1, 280, 411, 16, 261, 18, 0),
(483, 15, 68, 116, 1, 51, 709, 27.5, 46, 5, 1),
(484, 18, 68, 116, 0, 36, 550, 21.3, 36, 0, 0),
(485, 19, 68, 116, 2, 35, 434, 16.8, 28, 7, 1),
(486, 14, 68, 116, 1, 37, 484, 18.7, 32, 5, 1),
(487, 31, 68, 116, 0, 33, 405, 15.7, 26, 6, 2),
(488, 16, 68, 117, 6, 1231, 661, 26.4, 1112, 119, 2),
(489, 17, 68, 117, 3, 1003, 524, 21, 881, 122, 4),
(490, 20, 68, 117, 5, 1013, 490, 19.6, 824, 189, 6),
(491, 23, 68, 117, 1, 890, 472, 18.9, 794, 96, 4),
(492, 25, 68, 117, 1, 671, 354, 14.2, 595, 75, 3),
(493, 15, 69, 118, 1, 608, 686, 28.2, 510, 99, 3),
(494, 20, 69, 118, 1, 393, 506, 20.8, 376, 17, 0),
(495, 23, 69, 118, 0, 451, 497, 20.4, 369, 82, 3),
(496, 25, 69, 118, 1, 321, 372, 15.3, 276, 44, 1),
(497, 31, 69, 118, 1, 294, 373, 15.3, 277, 17, 0),
(498, 21, 69, 119, 2, 585, 501, 21.5, 551, 34, 0),
(499, 18, 69, 119, 1, 644, 520, 22.3, 572, 72, 2),
(500, 24, 69, 119, 3, 638, 483, 20.7, 532, 106, 2),
(501, 19, 69, 119, 1, 510, 423, 18.1, 465, 45, 1),
(502, 22, 69, 119, 0, 556, 405, 17.4, 446, 110, 4),
(503, 36, 70, 120, 0, 263, 531, 21.4, 213, 50, 3),
(504, 30, 70, 120, 1, 261, 540, 21.8, 217, 44, 2),
(505, 18, 70, 120, 2, 233, 529, 21.4, 212, 21, 0),
(506, 20, 70, 120, 1, 211, 499, 20.2, 200, 10, 0),
(507, 25, 70, 120, 0, 168, 377, 15.2, 151, 17, 1),
(508, 16, 70, 121, 2, 1054, 696, 26.4, 892, 162, 5),
(509, 15, 70, 121, 1, 924, 668, 25.3, 856, 68, 2),
(510, 19, 70, 121, 1, 576, 417, 15.8, 534, 42, 1),
(511, 23, 70, 121, 4, 746, 491, 18.6, 629, 116, 2),
(512, 31, 70, 121, 1, 564, 367, 13.9, 470, 94, 3),
(513, 16, 71, 122, 2, 725, 707, 29.6, 591, 135, 2),
(514, 18, 71, 122, 0, 478, 522, 21.9, 436, 42, 1),
(515, 19, 71, 122, 1, 421, 423, 17.7, 353, 67, 1),
(516, 31, 71, 122, 0, 318, 381, 16, 318, 0, 0),
(517, 25, 71, 122, 0, 337, 354, 14.8, 296, 42, 1),
(518, 15, 71, 123, 1, 657, 696, 26.6, 634, 23, 0),
(519, 21, 71, 123, 1, 515, 499, 19.1, 454, 61, 1),
(520, 20, 71, 123, 1, 587, 496, 19, 452, 135, 3),
(521, 23, 71, 123, 2, 543, 505, 19.3, 460, 84, 1),
(522, 22, 71, 123, 0, 419, 419, 16, 381, 37, 1),
(523, 15, 72, 124, 0, 922, 683, 27, 786, 136, 7),
(524, 17, 72, 124, 4, 725, 538, 21.2, 619, 106, 3),
(525, 20, 72, 124, 4, 704, 519, 20.5, 597, 106, 3),
(526, 31, 72, 124, 1, 457, 370, 14.6, 426, 31, 1),
(527, 22, 72, 124, 3, 523, 423, 16.7, 487, 36, 0),
(528, 36, 72, 125, 2, 356, 519, 22.2, 325, 31, 1),
(529, 18, 72, 125, 3, 370, 506, 21.7, 317, 54, 2),
(530, 23, 72, 125, 1, 373, 515, 22.1, 322, 51, 3),
(531, 19, 72, 125, 1, 305, 429, 18.4, 268, 37, 2),
(532, 25, 72, 125, 1, 265, 365, 15.6, 228, 37, 2),
(533, 16, 73, 126, 5, 1189, 719, 27.8, 1017, 171, 3),
(534, 24, 73, 126, 2, 812, 490, 19, 693, 119, 3),
(535, 20, 73, 126, 1, 931, 546, 21.1, 773, 158, 5),
(536, 14, 73, 126, 0, 672, 455, 17.6, 644, 28, 1),
(537, 31, 73, 126, 1, 573, 373, 14.4, 528, 46, 1),
(538, 15, 73, 127, 0, 194, 700, 26.9, 194, 0, 0),
(539, 17, 73, 127, 0, 188, 551, 21.2, 152, 35, 2),
(540, 18, 73, 127, 1, 145, 486, 18.7, 134, 11, 0),
(541, 23, 73, 127, 0, 174, 503, 19.3, 139, 35, 2),
(542, 25, 73, 127, 2, 122, 363, 13.9, 100, 22, 0),
(543, 20, 74, 128, 1, 190, 563, 23.3, 168, 22, 1),
(544, 18, 74, 128, 1, 161, 467, 19.3, 139, 22, 1),
(545, 14, 74, 128, 0, 183, 477, 19.7, 142, 41, 3),
(546, 19, 74, 128, 1, 134, 422, 17.5, 126, 9, 0),
(547, 23, 74, 128, 1, 154, 489, 20.2, 146, 9, 0),
(548, 15, 74, 129, 1, 1094, 677, 27.4, 1000, 94, 3),
(549, 17, 74, 129, 2, 978, 535, 21.6, 790, 187, 6),
(550, 24, 74, 129, 1, 814, 505, 20.4, 746, 68, 2),
(551, 22, 74, 129, 2, 684, 424, 17.1, 626, 58, 1),
(552, 25, 74, 129, 4, 608, 333, 13.5, 492, 116, 2),
(553, 15, 75, 130, 1, 375, 694, 26.7, 305, 70, 3),
(554, 21, 75, 130, 2, 246, 506, 19.5, 223, 24, 0),
(555, 24, 75, 130, 0, 233, 529, 20.4, 233, 0, 0),
(556, 14, 75, 130, 1, 256, 468, 18, 206, 50, 2),
(557, 19, 75, 130, 0, 195, 399, 15.4, 175, 19, 1),
(558, 16, 75, 131, 2, 1018, 730, 26.7, 864, 154, 4),
(559, 17, 75, 131, 3, 817, 570, 20.9, 675, 143, 3),
(560, 20, 75, 131, 1, 735, 556, 20.4, 658, 77, 2),
(561, 18, 75, 131, 0, 627, 455, 16.7, 539, 88, 3),
(562, 22, 75, 131, 0, 498, 421, 15.4, 498, 0, 0),
(563, 15, 76, 132, 1, 625, 693, 26.9, 537, 88, 2),
(564, 21, 76, 132, 1, 473, 496, 19.3, 385, 88, 2),
(565, 24, 76, 132, 0, 433, 515, 20, 399, 34, 1),
(566, 23, 76, 132, 0, 415, 492, 19.1, 382, 34, 1),
(567, 31, 76, 132, 2, 333, 376, 14.6, 292, 42, 0),
(568, 16, 76, 133, 0, 717, 740, 28.4, 676, 41, 1),
(569, 36, 76, 133, 0, 591, 511, 19.6, 467, 124, 3),
(570, 20, 76, 133, 1, 584, 566, 21.7, 517, 67, 1),
(571, 14, 76, 133, 0, 486, 442, 17, 404, 83, 2),
(572, 25, 76, 133, 1, 343, 347, 13.3, 317, 26, 0),
(573, 15, 77, 134, 1, 736, 690, 27.7, 660, 76, 2),
(574, 24, 77, 134, 1, 511, 515, 20.7, 493, 18, 0),
(575, 23, 77, 134, 1, 538, 483, 19.4, 462, 76, 2),
(576, 19, 77, 134, 1, 438, 378, 15.2, 362, 76, 2),
(577, 22, 77, 134, 2, 499, 423, 17, 405, 94, 2),
(578, 21, 77, 135, 2, 510, 494, 21.5, 428, 81, 2),
(579, 20, 77, 135, 2, 523, 567, 24.6, 491, 31, 0),
(580, 18, 77, 135, 0, 411, 445, 19.3, 386, 25, 1),
(581, 14, 77, 135, 1, 455, 449, 19.5, 389, 66, 2),
(582, 25, 77, 135, 2, 381, 346, 15, 300, 81, 2),
(583, 17, 78, 136, 1, 451, 593, 23, 376, 75, 2),
(584, 21, 78, 136, 2, 338, 478, 18.6, 303, 36, 0),
(585, 20, 78, 136, 0, 382, 558, 21.7, 353, 29, 1),
(586, 24, 78, 136, 1, 346, 518, 20.1, 328, 18, 0),
(587, 22, 78, 136, 1, 346, 428, 16.6, 271, 75, 2),
(588, 16, 78, 137, 4, 902, 736, 28.6, 786, 116, 1),
(589, 15, 78, 137, 1, 845, 678, 26.4, 724, 121, 3),
(590, 14, 78, 137, 0, 494, 431, 16.8, 460, 33, 1),
(591, 19, 78, 137, 0, 415, 389, 15.1, 415, 0, 0),
(592, 25, 78, 137, 1, 481, 337, 13.1, 360, 121, 3),
(593, 15, 79, 138, 2, 1159, 686, 29.8, 1006, 152, 5),
(594, 14, 79, 138, 2, 724, 440, 19.1, 645, 79, 2),
(595, 19, 79, 138, 2, 596, 386, 16.7, 566, 30, 0),
(596, 22, 79, 138, 3, 673, 428, 18.6, 628, 45, 0),
(597, 31, 79, 138, 2, 712, 365, 15.8, 535, 177, 6),
(598, 36, 79, 139, 2, 233, 516, 21.5, 213, 19, 0),
(599, 20, 79, 139, 0, 274, 550, 22.9, 227, 47, 3),
(600, 23, 79, 139, 0, 201, 486, 20.2, 201, 0, 0),
(601, 38, 79, 139, 2, 243, 504, 21, 208, 35, 1),
(602, 25, 79, 139, 1, 184, 347, 14.4, 143, 41, 2),
(603, 16, 80, 140, 0, 347, 741, 28.8, 246, 101, 3),
(604, 21, 80, 140, 1, 173, 459, 17.9, 152, 21, 0),
(605, 14, 80, 140, 0, 150, 451, 17.5, 150, 0, 0),
(606, 23, 80, 140, 0, 156, 470, 18.3, 156, 0, 0),
(607, 22, 80, 140, 0, 149, 450, 17.5, 149, 0, 0),
(608, 15, 80, 141, 3, 1090, 737, 26.1, 918, 94, 1),
(609, 42, 80, 141, 0, 839, 724, 25.6, 901, 164, 5),
(610, 36, 80, 141, 1, 766, 503, 17.8, 626, 86, 2),
(611, 20, 80, 141, 1, 827, 524, 18.5, 652, 119, 3),
(612, 25, 80, 141, 2, 502, 341, 12.1, 425, 41, 0),
(613, 45, 81, 142, 2, 676, 500, 20.8, 571, 104, 3),
(614, 20, 81, 142, 3, 640, 520, 21.7, 594, 46, 0),
(615, 24, 81, 142, 0, 627, 527, 21.9, 602, 25, 1),
(616, 23, 81, 142, 3, 652, 466, 19.4, 533, 119, 3),
(617, 31, 81, 142, 0, 542, 388, 16.2, 443, 98, 4),
(618, 15, 81, 143, 3, 559, 737, 30.8, 502, 57, 1),
(619, 21, 81, 143, 0, 316, 435, 18.2, 296, 20, 1),
(620, 14, 81, 143, 2, 394, 426, 17.8, 290, 104, 4),
(621, 22, 81, 143, 1, 315, 444, 18.5, 302, 12, 0),
(622, 25, 81, 143, 0, 280, 353, 14.7, 240, 40, 2),
(623, 36, 82, 144, 1, 480, 516, 21.4, 426, 54, 1),
(624, 47, 82, 144, 1, 501, 500, 20.7, 413, 88, 2),
(625, 24, 82, 144, 2, 545, 528, 21.9, 436, 109, 2),
(626, 23, 82, 144, 0, 432, 483, 20, 399, 34, 1),
(627, 31, 82, 144, 0, 321, 389, 16.1, 321, 0, 0),
(628, 15, 82, 145, 1, 801, 740, 29.9, 713, 88, 2),
(629, 20, 82, 145, 1, 570, 535, 21.7, 515, 55, 1),
(630, 21, 82, 145, 2, 537, 444, 18, 428, 109, 2),
(631, 19, 82, 145, 1, 408, 402, 16.3, 387, 21, 0),
(632, 25, 82, 145, 0, 405, 350, 14.2, 337, 67, 2),
(633, 16, 83, 146, 1, 321, 723, 27.3, 271, 50, 2),
(634, 20, 83, 146, 1, 254, 543, 20.5, 204, 50, 2),
(635, 24, 83, 146, 0, 202, 538, 20.3, 202, 0, 0),
(636, 19, 83, 146, 1, 178, 391, 14.8, 147, 31, 1),
(637, 22, 83, 146, 1, 181, 451, 17, 169, 12, 0),
(638, 48, 83, 147, 1, 739, 500, 19.1, 648, 91, 2),
(639, 15, 83, 147, 0, 1001, 746, 28.6, 966, 35, 1),
(640, 49, 83, 147, 1, 843, 500, 19.1, 648, 196, 5),
(641, 47, 83, 147, 0, 717, 500, 19.1, 648, 70, 2),
(642, 25, 83, 147, 1, 564, 365, 14, 473, 91, 2),
(643, 16, 84, 148, 2, 792, 709, 28, 667, 125, 5),
(644, 21, 84, 148, 1, 484, 459, 18.1, 432, 53, 2),
(645, 23, 84, 148, 1, 496, 493, 19.5, 464, 32, 1),
(646, 50, 84, 148, 3, 568, 500, 19.7, 470, 97, 3),
(647, 31, 84, 148, 1, 381, 371, 14.7, 349, 32, 1),
(648, 15, 84, 149, 2, 659, 749, 27.4, 547, 111, 5),
(649, 20, 84, 149, 1, 424, 541, 19.8, 395, 29, 1),
(650, 24, 84, 149, 0, 422, 528, 19.3, 386, 36, 2),
(651, 14, 84, 149, 2, 364, 419, 15.4, 306, 58, 2),
(652, 38, 84, 149, 3, 411, 492, 18, 360, 51, 1),
(653, 48, 85, 150, 2, 548, 512, 22.7, 453, 95, 2),
(654, 21, 85, 150, 2, 448, 466, 20.7, 412, 36, 0),
(655, 14, 85, 150, 0, 399, 418, 18.5, 370, 29, 1),
(656, 23, 85, 150, 1, 454, 493, 21.9, 436, 18, 0),
(657, 31, 85, 150, 1, 430, 366, 16.2, 324, 106, 3),
(658, 15, 85, 151, 3, 789, 728, 28, 666, 122, 2),
(659, 20, 85, 151, 1, 563, 524, 20.1, 480, 83, 2),
(660, 19, 85, 151, 1, 367, 380, 14.6, 348, 20, 0),
(661, 24, 85, 151, 1, 536, 530, 20.4, 485, 51, 1),
(662, 22, 85, 151, 0, 465, 439, 16.9, 402, 64, 2),
(663, 15, 86, 152, 0, 227, 730, 30.3, 180, 47, 2),
(664, 19, 86, 152, 0, 90, 365, 15.1, 90, 0, 0),
(665, 24, 86, 152, 1, 145, 528, 21.9, 130, 15, 0),
(666, 14, 86, 152, 0, 105, 426, 17.7, 105, 0, 0),
(667, 31, 86, 152, 0, 113, 362, 15, 89, 23, 1),
(668, 30, 86, 153, 3, 987, 528, 21.8, 822, 165, 4),
(669, 20, 86, 153, 2, 934, 523, 21.5, 815, 119, 3),
(670, 21, 86, 153, 2, 844, 465, 19.2, 724, 119, 3),
(671, 23, 86, 153, 2, 804, 476, 19.6, 741, 63, 1),
(672, 22, 86, 153, 1, 751, 435, 17.9, 678, 74, 2),
(673, 16, 87, 154, 1, 923, 734, 29, 795, 128, 3),
(674, 20, 87, 154, 0, 674, 557, 22, 603, 71, 2),
(675, 19, 87, 154, 0, 391, 328, 12.9, 355, 35, 1),
(676, 24, 87, 154, 2, 622, 501, 19.8, 543, 79, 1),
(677, 14, 87, 154, 2, 527, 414, 16.3, 448, 79, 1),
(678, 15, 87, 155, 1, 509, 692, 26.2, 427, 82, 2),
(679, 17, 87, 155, 1, 425, 607, 23, 375, 50, 1),
(680, 21, 87, 155, 1, 354, 492, 18.6, 304, 50, 1),
(681, 23, 87, 155, 1, 326, 497, 18.8, 307, 19, 0),
(682, 31, 87, 155, 0, 249, 352, 13.3, 217, 31, 1),
(683, 15, 88, 156, 0, 845, 691, 26.6, 776, 70, 3),
(684, 17, 88, 156, 1, 816, 590, 22.7, 662, 154, 6),
(685, 19, 88, 156, 3, 428, 343, 13.2, 385, 43, 0),
(686, 24, 88, 156, 1, 613, 492, 19, 552, 61, 2),
(687, 23, 88, 156, 3, 628, 480, 18.5, 539, 89, 2),
(688, 16, 88, 157, 2, 476, 739, 27.6, 402, 73, 3),
(689, 20, 88, 157, 1, 356, 571, 21.3, 311, 45, 2),
(690, 21, 88, 157, 2, 342, 494, 18.4, 269, 73, 3),
(691, 14, 88, 157, 0, 236, 434, 16.2, 236, 0, 0),
(692, 22, 88, 157, 0, 259, 443, 16.5, 241, 17, 1),
(693, 16, 89, 158, 1, 994, 733, 31.5, 808, 186, 5),
(694, 19, 89, 158, 0, 416, 347, 14.9, 383, 33, 1),
(695, 23, 89, 158, 1, 576, 474, 20.4, 523, 53, 1),
(696, 31, 89, 158, 2, 463, 353, 15.2, 389, 74, 1),
(697, 22, 89, 158, 1, 485, 421, 18.1, 464, 20, 0),
(698, 15, 89, 159, 0, 598, 731, 29.9, 541, 57, 2),
(699, 24, 89, 159, 3, 443, 489, 20, 362, 81, 1),
(700, 18, 89, 159, 2, 390, 441, 18, 326, 64, 1),
(701, 14, 89, 159, 0, 327, 403, 16.5, 298, 28, 1),
(702, 25, 89, 159, 0, 310, 380, 15.5, 281, 28, 1),
(703, 42, 90, 160, 0, 320, 728, 29.1, 332, 62, 2),
(704, 20, 90, 160, 0, 268, 538, 21.5, 246, 0, 0),
(705, 18, 90, 160, 0, 218, 436, 17.4, 199, 0, 0),
(706, 31, 90, 160, 1, 229, 357, 14.3, 163, 50, 1),
(707, 22, 90, 160, 1, 270, 441, 17.6, 201, 50, 1),
(708, 15, 90, 161, 2, 1060, 730, 28.9, 934, 126, 3),
(709, 30, 90, 161, 4, 809, 552, 21.8, 706, 103, 1),
(710, 23, 90, 161, 3, 730, 481, 19, 615, 114, 2),
(711, 14, 90, 161, 0, 586, 388, 15.4, 496, 89, 3),
(712, 25, 90, 161, 0, 511, 376, 14.9, 481, 30, 1),
(713, 15, 91, 162, 0, 655, 737, 28.2, 562, 93, 3),
(714, 20, 91, 162, 0, 437, 532, 20.3, 406, 31, 1),
(715, 23, 91, 162, 0, 433, 487, 18.6, 371, 62, 2),
(716, 35, 91, 162, 1, 427, 495, 18.9, 378, 50, 1),
(717, 31, 91, 162, 1, 328, 364, 13.9, 278, 50, 1),
(718, 18, 91, 163, 0, 428, 411, 18, 428, 0, 0),
(719, 14, 91, 163, 0, 480, 397, 17.4, 414, 66, 2),
(720, 17, 91, 163, 0, 747, 621, 27.2, 647, 100, 3),
(721, 36, 91, 163, 1, 657, 515, 22.5, 537, 120, 3),
(722, 19, 91, 163, 1, 408, 340, 14.9, 354, 54, 1),
(723, 16, 92, 164, 2, 828, 748, 26.9, 691, 137, 6),
(724, 36, 92, 164, 0, 521, 523, 18.8, 483, 38, 2),
(725, 20, 92, 164, 2, 544, 543, 19.5, 502, 42, 1),
(726, 51, 92, 164, 1, 568, 500, 18, 462, 107, 5),
(727, 23, 92, 164, 2, 471, 464, 16.7, 429, 42, 1),
(728, 15, 92, 165, 2, 576, 737, 28.4, 515, 61, 3),
(729, 17, 92, 165, 1, 517, 625, 24.1, 436, 81, 5),
(730, 19, 92, 165, 1, 253, 349, 13.5, 244, 9, 0),
(731, 21, 92, 165, 2, 389, 470, 18.1, 328, 61, 3),
(732, 14, 92, 165, 2, 333, 410, 15.8, 286, 47, 2),
(733, 30, 93, 166, 0, 440, 568, 24.8, 404, 36, 1),
(734, 20, 93, 166, 0, 385, 541, 23.6, 385, 0, 0),
(735, 19, 93, 166, 0, 314, 340, 14.8, 242, 72, 2),
(736, 21, 93, 166, 4, 415, 459, 20, 326, 89, 0),
(737, 14, 93, 166, 0, 310, 385, 16.8, 274, 36, 1),
(738, 16, 93, 167, 2, 845, 747, 26.7, 733, 112, 2),
(739, 15, 93, 167, 1, 866, 720, 25.7, 706, 160, 4),
(740, 18, 93, 167, 1, 410, 396, 14.2, 388, 21, 0),
(741, 50, 93, 167, 3, 558, 503, 18, 493, 64, 0),
(742, 22, 93, 167, 0, 458, 432, 15.4, 424, 35, 1),
(743, 16, 94, 168, 2, 1006, 745, 31.5, 864, 142, 3),
(744, 19, 94, 168, 1, 486, 344, 14.5, 399, 88, 2),
(745, 24, 94, 168, 1, 570, 474, 20, 550, 21, 0),
(746, 18, 94, 168, 1, 494, 379, 16, 439, 54, 1),
(747, 22, 94, 168, 1, 580, 425, 18, 493, 88, 2),
(748, 15, 94, 169, 0, 481, 753, 27.4, 447, 34, 1),
(749, 17, 94, 169, 0, 409, 633, 23, 375, 34, 1),
(750, 20, 94, 169, 1, 400, 525, 19.1, 311, 89, 2),
(751, 21, 94, 169, 2, 342, 448, 16.3, 266, 76, 1),
(752, 25, 94, 169, 0, 231, 390, 14.2, 231, 0, 0),
(753, 50, 95, 170, 4, 650, 506, 19.9, 546, 103, 3),
(754, 15, 95, 170, 2, 823, 723, 28.5, 781, 42, 1),
(755, 20, 95, 170, 2, 618, 498, 19.6, 538, 80, 3),
(756, 18, 95, 170, 2, 476, 384, 15.1, 415, 61, 2),
(757, 21, 95, 170, 1, 570, 430, 16.9, 464, 106, 5),
(758, 51, 95, 171, 2, 403, 503, 22.6, 369, 34, 1),
(759, 36, 95, 171, 2, 479, 524, 23.6, 384, 95, 5),
(760, 19, 95, 171, 1, 308, 366, 16.5, 268, 40, 2),
(761, 23, 95, 171, 1, 381, 465, 20.9, 341, 40, 2),
(762, 31, 95, 171, 1, 292, 365, 16.4, 268, 25, 1),
(763, 36, 96, 172, 1, 263, 523, 22, 251, 11, 0),
(764, 20, 96, 172, 2, 291, 520, 21.9, 250, 41, 1),
(765, 21, 96, 172, 0, 235, 451, 19, 217, 18, 1),
(766, 23, 96, 172, 0, 270, 447, 18.8, 215, 55, 3),
(767, 22, 96, 172, 0, 245, 433, 18.2, 208, 37, 2),
(768, 15, 96, 173, 0, 1125, 745, 31.2, 1010, 115, 4),
(769, 18, 96, 173, 1, 648, 401, 16.8, 544, 104, 3),
(770, 19, 96, 173, 3, 593, 356, 14.9, 483, 111, 2),
(771, 52, 96, 173, 0, 764, 500, 21, 678, 86, 3),
(772, 25, 96, 173, 1, 566, 383, 16.1, 519, 46, 1),
(773, 15, 97, 174, 0, 688, 770, 30.1, 545, 143, 2),
(774, 20, 97, 174, 0, 352, 497, 19.5, 352, 0, 0),
(775, 24, 97, 174, 0, 334, 472, 18.5, 334, 0, 0),
(776, 21, 97, 174, 0, 383, 440, 17.2, 311, 71, 1),
(777, 14, 97, 174, 1, 310, 376, 14.7, 266, 44, 0),
(778, 16, 97, 175, 1, 1039, 777, 33.8, 868, 171, 2),
(779, 18, 97, 175, 0, 451, 404, 17.6, 451, 0, 0),
(780, 19, 97, 175, 0, 399, 357, 15.5, 399, 0, 0),
(781, 25, 97, 175, 0, 561, 385, 16.8, 430, 131, 2),
(782, 31, 97, 175, 0, 483, 374, 16.3, 418, 65, 1),
(783, 15, 98, 176, 0, 497, 768, 30.7, 448, 49, 1),
(784, 20, 98, 176, 1, 363, 486, 19.4, 284, 80, 1),
(785, 21, 98, 176, 1, 328, 425, 17, 248, 80, 1),
(786, 22, 98, 176, 0, 252, 432, 17.3, 252, 0, 0),
(787, 25, 98, 176, 0, 228, 391, 15.6, 228, 0, 0),
(788, 17, 98, 177, 1, 972, 623, 28.2, 822, 149, 3),
(789, 18, 98, 177, 2, 652, 393, 17.8, 519, 134, 2),
(790, 23, 98, 177, 2, 664, 433, 19.6, 572, 92, 1),
(791, 14, 98, 177, 0, 556, 390, 17.7, 515, 41, 1),
(792, 31, 98, 177, 0, 487, 369, 16.7, 487, 0, 0),
(793, 15, 99, 178, 1, 289, 750, 32.2, 275, 14, 0),
(794, 18, 99, 178, 0, 173, 410, 17.6, 150, 23, 1),
(795, 19, 99, 178, 0, 130, 356, 15.3, 130, 0, 0),
(796, 14, 99, 178, 0, 187, 384, 16.5, 141, 47, 2),
(797, 22, 99, 178, 1, 195, 430, 18.5, 157, 38, 1),
(798, 16, 99, 179, 3, 1278, 800, 32.3, 1139, 139, 3),
(799, 20, 99, 179, 1, 727, 478, 19.3, 680, 46, 1),
(800, 23, 99, 179, 0, 724, 448, 18.1, 638, 86, 3),
(801, 31, 99, 179, 3, 651, 380, 15.4, 541, 110, 2),
(802, 25, 99, 179, 2, 645, 368, 14.9, 524, 121, 3),
(803, 15, 100, 180, 0, 236, 707, 30.1, 217, 20, 1),
(804, 18, 100, 180, 0, 120, 392, 16.7, 120, 0, 0),
(805, 24, 100, 180, 1, 152, 456, 19.4, 140, 12, 0),
(806, 14, 100, 180, 0, 177, 384, 16.3, 118, 59, 3),
(807, 31, 100, 180, 1, 138, 411, 17.5, 126, 12, 0),
(808, 42, 100, 181, 3, 1045, 707, 29.3, 1073, 207, 5),
(809, 19, 100, 181, 1, 653, 347, 14.4, 526, 79, 2),
(810, 20, 100, 181, 3, 965, 495, 20.5, 751, 146, 3),
(811, 23, 100, 181, 0, 846, 475, 19.7, 721, 60, 2),
(812, 25, 100, 181, 0, 667, 385, 16, 584, 30, 1),
(813, 17, 101, 184, 0, 729, 645, 25.8, 613, 116, 4),
(814, 15, 101, 184, 0, 660, 664, 26.5, 631, 29, 1),
(815, 19, 101, 184, 0, 413, 373, 14.9, 355, 58, 2),
(816, 21, 101, 184, 3, 475, 412, 16.5, 392, 83, 1),
(817, 25, 101, 184, 3, 444, 410, 16.4, 390, 54, 0),
(818, 16, 101, 185, 2, 759, 856, 33.5, 668, 91, 2),
(819, 18, 101, 185, 0, 323, 378, 14.8, 295, 28, 1),
(820, 20, 101, 185, 2, 448, 530, 20.7, 414, 35, 0),
(821, 14, 101, 185, 1, 427, 380, 14.9, 297, 130, 4),
(822, 22, 101, 185, 0, 321, 412, 16.1, 321, 0, 0),
(823, 15, 102, 186, 2, 862, 669, 26.7, 779, 83, 2),
(824, 20, 102, 186, 2, 729, 511, 20.4, 595, 134, 4),
(825, 23, 102, 186, 0, 645, 510, 20.4, 594, 51, 2),
(826, 21, 102, 186, 3, 576, 410, 16.4, 477, 98, 2),
(827, 31, 102, 186, 0, 520, 403, 16.1, 469, 51, 2),
(828, 42, 102, 187, 1, 471, 721, 31.2, 455, 104, 4),
(829, 18, 102, 187, 1, 284, 393, 17, 248, 14, 0),
(830, 14, 102, 187, 0, 282, 377, 16.3, 238, 23, 1),
(831, 25, 102, 187, 0, 308, 415, 17.9, 262, 23, 1),
(832, 22, 102, 187, 0, 325, 407, 17.6, 257, 45, 2),
(833, 16, 103, 188, 0, 691, 850, 32.7, 592, 99, 4),
(834, 50, 103, 188, 1, 398, 514, 19.8, 358, 40, 1),
(835, 18, 103, 188, 2, 292, 375, 14.4, 261, 30, 0),
(836, 24, 103, 188, 0, 318, 456, 17.6, 318, 0, 0),
(837, 31, 103, 188, 1, 369, 401, 15.4, 279, 89, 3),
(838, 42, 103, 189, 0, 711, 707, 26.3, 675, 168, 6),
(839, 15, 103, 189, 2, 749, 672, 25, 641, 63, 1),
(840, 20, 103, 189, 2, 588, 515, 19.2, 491, 63, 1),
(841, 21, 103, 189, 1, 453, 427, 15.9, 408, 17, 0),
(842, 14, 103, 189, 0, 432, 368, 13.7, 351, 56, 2),
(843, 16, 104, 190, 1, 509, 857, 31.8, 464, 45, 2),
(844, 20, 104, 190, 2, 318, 516, 19.1, 279, 39, 1),
(845, 23, 104, 190, 0, 299, 521, 19.3, 282, 17, 1),
(846, 21, 104, 190, 2, 321, 426, 15.8, 231, 90, 4),
(847, 18, 104, 190, 0, 222, 378, 14, 205, 17, 1),
(848, 42, 104, 191, 2, 770, 705, 27.9, 812, 102, 3),
(849, 15, 104, 191, 1, 899, 660, 26.1, 760, 87, 3),
(850, 19, 104, 191, 1, 535, 384, 15.2, 442, 63, 2),
(851, 14, 104, 191, 2, 527, 365, 14.4, 420, 78, 2),
(852, 25, 104, 191, 1, 600, 417, 16.5, 480, 87, 3),
(853, 15, 105, 192, 1, 668, 672, 26.8, 637, 31, 0),
(854, 17, 105, 192, 0, 647, 630, 25.1, 597, 50, 1),
(855, 18, 105, 192, 2, 506, 365, 14.5, 346, 161, 2),
(856, 25, 105, 192, 0, 418, 441, 17.6, 418, 0, 0),
(857, 31, 105, 192, 0, 482, 404, 16.1, 383, 99, 2),
(858, 42, 105, 193, 1, 563, 706, 28.4, 566, 88, 1),
(859, 20, 105, 193, 0, 497, 519, 20.9, 416, 54, 1),
(860, 23, 105, 193, 0, 434, 509, 20.5, 408, 0, 0),
(861, 14, 105, 193, 0, 357, 355, 14.3, 285, 54, 1),
(862, 22, 105, 193, 1, 428, 398, 16, 319, 88, 1);

-- --------------------------------------------------------

--
-- Table structure for table `invites`
--

CREATE TABLE IF NOT EXISTS `invites` (
  `id` int(10) unsigned NOT NULL AUTO_INCREMENT,
  `game_id` int(10) unsigned NOT NULL,
  `player_id` int(10) unsigned NOT NULL,
  `available` tinyint(1) DEFAULT NULL,
  `created` datetime NOT NULL,
  `modified` datetime NOT NULL,
  PRIMARY KEY (`id`)
) ENGINE=InnoDB  DEFAULT CHARSET=latin1 AUTO_INCREMENT=1162 ;

--
-- Dumping data for table `invites`
--

INSERT INTO `invites` (`id`, `game_id`, `player_id`, `available`, `created`, `modified`) VALUES
(13, 11, 14, 1, '2012-03-02 16:09:34', '2012-03-02 16:09:34'),
(14, 11, 15, 1, '2012-03-02 16:09:40', '2012-03-02 16:09:40'),
(15, 11, 16, 1, '2012-03-02 16:09:44', '2012-03-02 16:09:44'),
(16, 11, 17, 1, '2012-03-02 16:09:50', '2012-03-02 16:09:50'),
(17, 11, 18, 1, '2012-03-02 16:09:55', '2012-03-02 16:09:55'),
(18, 11, 19, 1, '2012-03-02 16:10:03', '2012-03-02 16:10:03'),
(20, 11, 20, 1, '2012-03-02 16:10:29', '2012-03-02 16:10:29'),
(21, 11, 29, 0, '2012-03-03 23:25:05', '2012-03-03 23:25:05'),
(22, 11, 28, 0, '2012-03-03 23:27:30', '2012-03-03 23:27:30'),
(42, 22, 14, 0, '2012-03-04 01:31:25', '2012-03-04 01:31:25'),
(43, 22, 15, 1, '2012-03-04 01:31:25', '2012-03-04 01:31:25'),
(44, 22, 16, NULL, '2012-03-04 01:31:25', '2012-03-04 01:31:25'),
(45, 0, 0, 0, '2012-03-04 17:51:51', '2012-03-04 17:51:51'),
(46, 0, 0, 0, '2012-03-04 17:52:22', '2012-03-04 17:52:22'),
(47, 0, 0, 0, '2012-03-04 17:52:43', '2012-03-04 17:52:44'),
(48, 0, 0, 0, '2012-03-04 17:53:15', '2012-03-04 17:53:15'),
(49, 0, 0, 0, '2012-03-04 17:53:47', '2012-03-04 17:53:48'),
(50, 0, 0, 0, '2012-03-04 17:54:00', '2012-03-04 17:54:01'),
(51, 22, 17, NULL, '2012-03-04 18:06:55', '2012-03-04 18:06:55'),
(52, 22, 19, 1, '2012-03-04 18:06:55', '2012-03-04 18:06:55'),
(53, 22, 18, 1, '2012-03-04 18:07:06', '2012-03-04 18:07:06'),
(54, 24, 14, 1, '2012-03-05 03:17:55', '2012-03-05 03:17:55'),
(55, 24, 15, 0, '2012-03-05 03:17:55', '2012-03-05 03:17:55'),
(56, 24, 16, 0, '2012-03-05 03:17:55', '2012-03-05 03:17:55'),
(57, 24, 18, 1, '2012-03-05 03:17:55', '2012-03-05 03:17:55'),
(58, 24, 19, 1, '2012-03-05 03:17:55', '2012-03-05 03:17:55'),
(59, 24, 20, 1, '2012-03-05 03:17:55', '2012-03-05 03:17:55'),
(60, 24, 21, 1, '2012-03-05 03:17:55', '2012-03-05 03:17:55'),
(61, 24, 22, 0, '2012-03-05 03:17:55', '2012-03-05 03:17:55'),
(62, 24, 24, 1, '2012-03-05 03:17:55', '2012-03-05 03:17:55'),
(63, 24, 25, 0, '2012-03-05 03:17:55', '2012-03-05 03:17:55'),
(64, 24, 17, 0, '2012-03-16 02:55:14', '2012-03-16 02:55:14'),
(65, 25, 14, 1, '2012-03-16 20:00:54', '2012-03-16 20:00:54'),
(66, 25, 16, 1, '2012-03-16 20:00:54', '2012-03-16 20:00:54'),
(67, 25, 17, 1, '2012-03-16 20:00:54', '2012-03-16 20:00:54'),
(68, 25, 18, 0, '2012-03-16 20:00:54', '2012-03-16 20:00:54'),
(69, 25, 19, 1, '2012-03-16 20:00:54', '2012-03-16 20:00:54'),
(70, 25, 20, 1, '2012-03-16 20:00:54', '2012-03-16 20:00:54'),
(71, 25, 21, 1, '2012-03-16 20:00:54', '2012-03-16 20:00:54'),
(72, 25, 22, 1, '2012-03-16 20:00:54', '2012-03-16 20:00:54'),
(73, 25, 24, 0, '2012-03-16 20:00:54', '2012-03-16 20:00:54'),
(74, 25, 25, 0, '2012-03-16 20:00:54', '2012-03-16 20:00:54'),
(75, 25, 15, 1, '2012-03-17 01:58:22', '2012-03-17 01:58:22'),
(76, 25, 30, 1, '2012-03-17 02:22:30', '2012-03-17 02:22:30'),
(77, 25, 26, NULL, '2012-03-17 02:54:05', '2012-03-17 02:54:05'),
(78, 25, 23, 1, '2012-03-17 02:58:53', '2012-03-17 02:58:53'),
(79, 25, 27, NULL, '2012-03-17 02:58:53', '2012-03-17 02:58:53'),
(80, 25, 32, NULL, '2012-03-18 04:26:24', '2012-03-18 04:26:24'),
(81, 26, 14, 1, '2012-03-25 16:23:40', '2012-03-25 16:23:40'),
(82, 26, 16, 1, '2012-03-25 16:23:40', '2012-03-25 16:23:40'),
(83, 26, 17, 1, '2012-03-25 16:23:40', '2012-03-25 16:23:40'),
(84, 26, 18, 1, '2012-03-25 16:23:40', '2012-03-25 16:23:40'),
(85, 26, 19, 1, '2012-03-25 16:23:40', '2012-03-25 16:23:40'),
(86, 26, 20, 1, '2012-03-25 16:23:40', '2012-03-25 16:23:40'),
(87, 26, 21, 1, '2012-03-25 16:23:40', '2012-03-25 16:23:40'),
(88, 26, 22, 1, '2012-03-25 16:23:40', '2012-03-25 16:23:40'),
(89, 26, 24, 1, '2012-03-25 16:23:40', '2012-03-25 16:23:40'),
(90, 26, 25, 1, '2012-03-25 16:23:40', '2012-03-25 16:23:40'),
(91, 27, 14, 1, '2012-03-25 23:01:39', '2012-03-25 23:01:39'),
(92, 27, 16, 1, '2012-03-25 23:01:39', '2012-03-25 23:01:39'),
(93, 27, 17, 1, '2012-03-25 23:01:39', '2012-03-25 23:01:39'),
(94, 27, 18, 1, '2012-03-25 23:01:39', '2012-03-25 23:01:39'),
(95, 27, 19, 1, '2012-03-25 23:01:39', '2012-03-25 23:01:39'),
(96, 27, 20, 1, '2012-03-25 23:01:39', '2012-03-25 23:01:39'),
(97, 27, 21, 1, '2012-03-25 23:01:39', '2012-03-25 23:01:39'),
(98, 27, 22, 1, '2012-03-25 23:01:39', '2012-03-25 23:01:39'),
(99, 27, 24, 0, '2012-03-25 23:01:39', '2012-03-25 23:01:39'),
(100, 27, 25, 1, '2012-03-25 23:01:39', '2012-03-25 23:01:39'),
(101, 27, 15, 1, '2012-03-25 23:03:30', '2012-03-25 23:03:30'),
(102, 27, 23, NULL, '2012-03-25 23:03:30', '2012-03-25 23:03:30'),
(114, 29, 14, 1, '2012-03-31 03:17:57', '2012-03-31 03:17:57'),
(115, 29, 16, 1, '2012-03-31 03:17:57', '2012-03-31 03:17:57'),
(116, 29, 17, 0, '2012-03-31 03:17:57', '2012-03-31 03:17:57'),
(117, 29, 18, 1, '2012-03-31 03:17:57', '2012-03-31 03:17:57'),
(118, 29, 19, 1, '2012-03-31 03:17:57', '2012-03-31 03:17:57'),
(119, 29, 20, 1, '2012-03-31 03:17:57', '2012-03-31 03:17:57'),
(120, 29, 21, 1, '2012-03-31 03:17:57', '2012-03-31 03:17:57'),
(121, 29, 22, 1, '2012-03-31 03:17:57', '2012-03-31 03:17:57'),
(122, 29, 24, 1, '2012-03-31 03:17:57', '2012-03-31 03:17:57'),
(123, 29, 25, 1, '2012-03-31 03:17:57', '2012-03-31 03:17:57'),
(124, 29, 15, 1, '2012-03-31 08:19:43', '2012-03-31 08:19:43'),
(125, 30, 14, 1, '2012-04-06 12:17:34', '2012-04-06 12:17:34'),
(126, 30, 15, 1, '2012-04-06 12:17:34', '2012-04-06 12:17:34'),
(127, 30, 16, 1, '2012-04-06 12:17:34', '2012-04-06 12:17:34'),
(128, 30, 17, 1, '2012-04-06 12:17:34', '2012-04-06 12:17:34'),
(129, 30, 18, 0, '2012-04-06 12:17:34', '2012-04-06 12:17:34'),
(130, 30, 19, 0, '2012-04-06 12:17:34', '2012-04-06 12:17:34'),
(131, 30, 20, 1, '2012-04-06 12:17:34', '2012-04-06 12:17:34'),
(132, 30, 21, 1, '2012-04-06 12:17:34', '2012-04-06 12:17:34'),
(133, 30, 23, 1, '2012-04-06 12:17:34', '2012-04-06 12:17:34'),
(134, 30, 25, 1, '2012-04-06 12:17:34', '2012-04-06 12:17:34'),
(135, 30, 30, 0, '2012-04-06 12:17:34', '2012-04-06 12:17:34'),
(136, 30, 31, 1, '2012-04-08 06:40:05', '2012-04-08 06:40:05'),
(137, 30, 33, 1, '2012-04-08 08:23:48', '2012-04-08 08:23:48'),
(138, 31, 14, 1, '2012-04-13 10:45:42', '2012-04-13 10:45:42'),
(139, 31, 15, 1, '2012-04-13 10:45:42', '2012-04-13 10:45:42'),
(140, 31, 16, 1, '2012-04-13 10:45:42', '2012-04-13 10:45:42'),
(141, 31, 17, 1, '2012-04-13 10:45:42', '2012-04-13 10:45:42'),
(142, 31, 18, 1, '2012-04-13 10:45:42', '2012-04-13 10:45:42'),
(143, 31, 19, 1, '2012-04-13 10:45:42', '2012-04-13 10:45:42'),
(144, 31, 21, 1, '2012-04-13 10:45:42', '2012-04-13 10:45:42'),
(145, 31, 22, 1, '2012-04-13 10:45:42', '2012-04-13 10:45:42'),
(147, 31, 24, 1, '2012-04-13 10:45:42', '2012-04-13 10:45:42'),
(149, 31, 34, 1, '2012-04-13 17:17:26', '2012-04-13 17:17:26'),
(150, 32, 14, 1, '2012-04-20 09:40:15', '2012-04-20 09:40:15'),
(151, 32, 16, 1, '2012-04-20 09:40:15', '2012-04-20 09:40:15'),
(152, 32, 17, 1, '2012-04-20 09:40:15', '2012-04-20 09:40:15'),
(153, 32, 18, 1, '2012-04-20 09:40:15', '2012-04-20 09:40:15'),
(154, 32, 19, 1, '2012-04-20 09:40:15', '2012-04-20 09:40:15'),
(155, 32, 20, 1, '2012-04-20 09:40:15', '2012-04-20 09:40:15'),
(156, 32, 21, 1, '2012-04-20 09:40:15', '2012-04-20 09:40:15'),
(157, 32, 22, 1, '2012-04-20 09:40:15', '2012-04-20 09:40:15'),
(158, 32, 24, 0, '2012-04-20 09:40:15', '2012-04-20 09:40:15'),
(159, 32, 25, 1, '2012-04-20 09:40:15', '2012-04-20 09:40:15'),
(160, 32, 15, 1, '2012-04-22 07:22:40', '2012-04-22 07:22:40'),
(161, 33, 14, 1, '2012-04-27 15:06:31', '2012-04-27 15:06:31'),
(162, 33, 16, 0, '2012-04-27 15:06:31', '2012-04-27 15:06:31'),
(163, 33, 18, 1, '2012-04-27 15:06:31', '2012-04-27 15:06:31'),
(164, 33, 19, 1, '2012-04-27 15:06:31', '2012-04-27 15:06:31'),
(165, 33, 20, 0, '2012-04-27 15:06:31', '2012-04-27 15:06:31'),
(166, 33, 21, 0, '2012-04-27 15:06:31', '2012-04-27 15:06:31'),
(167, 33, 22, 1, '2012-04-27 15:06:31', '2012-04-27 15:06:31'),
(168, 33, 24, 0, '2012-04-27 15:06:31', '2012-04-27 15:06:31'),
(169, 33, 25, 1, '2012-04-27 15:06:31', '2012-04-27 15:06:31'),
(170, 33, 17, 1, '2012-04-27 15:06:31', '2012-04-27 15:06:31'),
(171, 33, 15, 1, '2012-04-27 15:06:31', '2012-04-27 15:06:31'),
(172, 33, 23, 1, '2012-04-28 14:49:10', '2012-04-28 14:49:10'),
(173, 33, 34, 1, '2012-04-28 14:49:10', '2012-04-28 14:49:10'),
(174, 33, 30, 0, '2012-04-29 08:38:23', '2012-04-29 08:38:23'),
(175, 33, 35, 1, '2012-04-29 09:37:46', '2012-04-29 09:37:46'),
(176, 34, 14, 1, '2012-05-05 07:37:52', '2012-05-05 07:37:52'),
(177, 34, 16, 1, '2012-05-05 07:37:52', '2012-05-05 07:37:52'),
(178, 34, 18, 1, '2012-05-05 07:37:52', '2012-05-05 07:37:52'),
(179, 34, 19, 1, '2012-05-05 07:37:52', '2012-05-05 07:37:52'),
(180, 34, 21, 1, '2012-05-05 07:37:52', '2012-05-05 07:37:52'),
(181, 34, 22, 1, '2012-05-05 07:37:52', '2012-05-05 07:37:52'),
(182, 34, 24, 1, '2012-05-05 07:37:52', '2012-05-05 07:37:52'),
(183, 34, 17, 1, '2012-05-05 07:37:52', '2012-05-05 07:37:52'),
(184, 34, 15, 1, '2012-05-05 07:37:52', '2012-05-05 07:37:52'),
(185, 34, 23, 1, '2012-05-05 07:37:52', '2012-05-05 07:37:52'),
(186, 35, 14, 1, '2012-05-11 16:39:16', '2012-05-11 16:39:16'),
(187, 35, 16, 1, '2012-05-11 16:39:16', '2012-05-11 16:39:16'),
(188, 35, 18, 1, '2012-05-11 16:39:16', '2012-05-11 16:39:16'),
(189, 35, 19, 0, '2012-05-11 16:39:16', '2012-05-11 16:39:16'),
(190, 35, 20, 1, '2012-05-11 16:39:16', '2012-05-11 16:39:16'),
(191, 35, 21, 1, '2012-05-11 16:39:16', '2012-05-11 16:39:16'),
(192, 35, 22, 1, '2012-05-11 16:39:16', '2012-05-11 16:39:16'),
(193, 35, 24, 1, '2012-05-11 16:39:16', '2012-05-11 16:39:16'),
(194, 35, 25, 1, '2012-05-11 16:39:16', '2012-05-11 16:39:16'),
(195, 35, 17, 0, '2012-05-11 16:39:16', '2012-05-11 16:39:16'),
(196, 35, 15, 1, '2012-05-12 11:39:27', '2012-05-12 11:39:27'),
(197, 35, 23, 1, '2012-05-12 21:31:39', '2012-05-12 21:31:39'),
(198, 36, 14, 1, '2012-05-19 11:45:20', '2012-05-19 11:45:20'),
(199, 36, 16, 1, '2012-05-19 11:45:20', '2012-05-19 11:45:20'),
(200, 36, 18, 1, '2012-05-19 11:45:20', '2012-05-19 11:45:20'),
(201, 36, 19, 1, '2012-05-19 11:45:20', '2012-05-19 11:45:20'),
(202, 36, 21, 1, '2012-05-19 11:45:20', '2012-05-19 11:45:20'),
(203, 36, 22, 0, '2012-05-19 11:45:20', '2012-05-19 11:45:20'),
(205, 36, 25, 1, '2012-05-19 11:45:20', '2012-05-19 11:45:20'),
(206, 36, 17, 1, '2012-05-19 11:45:20', '2012-05-19 11:45:20'),
(207, 36, 15, 0, '2012-05-19 11:45:20', '2012-05-19 11:45:20'),
(209, 36, 30, 1, '2012-05-26 11:43:54', '2012-05-26 11:43:54'),
(210, 36, 23, 1, '2012-05-27 08:34:38', '2012-05-27 08:34:38'),
(211, 36, 36, 1, '2012-05-27 09:31:39', '2012-05-27 09:31:39'),
(212, 37, 14, 1, '2012-06-01 18:41:33', '2012-06-01 18:41:33'),
(213, 37, 16, 0, '2012-06-01 18:41:33', '2012-06-01 18:41:33'),
(214, 37, 18, 1, '2012-06-01 18:41:33', '2012-06-01 18:41:33'),
(215, 37, 19, 1, '2012-06-01 18:41:33', '2012-06-01 18:41:33'),
(216, 37, 21, 1, '2012-06-01 18:41:33', '2012-06-01 18:41:33'),
(217, 37, 22, 1, '2012-06-01 18:41:33', '2012-06-01 18:41:33'),
(218, 37, 25, 0, '2012-06-01 18:41:33', '2012-06-01 18:41:33'),
(219, 37, 17, 1, '2012-06-01 18:41:33', '2012-06-01 18:41:33'),
(220, 37, 15, 1, '2012-06-01 18:41:33', '2012-06-01 18:41:33'),
(221, 37, 23, 0, '2012-06-01 18:41:33', '2012-06-01 18:41:33'),
(222, 37, 30, 0, '2012-06-02 10:12:31', '2012-06-02 10:12:31'),
(223, 37, 31, 1, '2012-06-02 14:39:00', '2012-06-02 14:39:00'),
(224, 37, 32, 0, '2012-06-02 14:39:00', '2012-06-02 14:39:00'),
(225, 37, 34, 0, '2012-06-02 14:39:00', '2012-06-02 14:39:00'),
(226, 37, 37, 1, '2012-06-02 16:06:32', '2012-06-02 16:06:32'),
(227, 37, 36, 1, '2012-06-03 08:29:41', '2012-06-03 08:29:41'),
(228, 38, 14, 1, '2012-06-09 11:31:29', '2012-06-09 11:31:29'),
(229, 38, 16, 1, '2012-06-09 11:31:29', '2012-06-09 11:31:29'),
(230, 38, 20, 0, '2012-06-09 11:31:29', '2012-06-09 11:31:29'),
(231, 38, 21, 1, '2012-06-09 11:31:29', '2012-06-09 11:31:29'),
(232, 38, 22, 0, '2012-06-09 11:31:29', '2012-06-09 11:31:29'),
(233, 38, 24, 1, '2012-06-09 11:31:29', '2012-06-09 11:31:29'),
(234, 38, 17, 1, '2012-06-09 11:31:29', '2012-06-09 11:31:29'),
(235, 38, 15, 1, '2012-06-09 11:31:29', '2012-06-09 11:31:29'),
(236, 38, 30, 0, '2012-06-09 11:31:29', '2012-06-09 11:31:29'),
(237, 38, 23, 1, '2012-06-09 11:31:29', '2012-06-09 11:31:29'),
(238, 38, 31, 1, '2012-06-10 06:37:00', '2012-06-10 06:37:00'),
(239, 38, 36, 1, '2012-06-10 08:48:45', '2012-06-10 08:48:45'),
(240, 38, 38, 1, '2012-06-10 11:35:40', '2012-06-10 11:35:40'),
(241, 39, 14, 1, '2012-06-15 09:10:38', '2012-06-15 09:10:38'),
(242, 39, 16, 0, '2012-06-15 09:10:38', '2012-06-15 09:10:38'),
(243, 39, 18, 0, '2012-06-15 09:10:38', '2012-06-15 09:10:38'),
(244, 39, 19, 1, '2012-06-15 09:10:38', '2012-06-15 09:10:38'),
(245, 39, 20, 0, '2012-06-15 09:10:38', '2012-06-15 09:10:38'),
(246, 39, 21, 1, '2012-06-15 09:10:38', '2012-06-15 09:10:38'),
(247, 39, 22, 0, '2012-06-15 09:10:38', '2012-06-15 09:10:38'),
(248, 39, 24, 1, '2012-06-15 09:10:38', '2012-06-15 09:10:38'),
(249, 39, 25, 1, '2012-06-15 09:10:38', '2012-06-15 09:10:38'),
(250, 39, 17, 1, '2012-06-15 09:10:38', '2012-06-15 09:10:38'),
(251, 39, 15, 1, '2012-06-15 09:13:01', '2012-06-15 09:13:01'),
(252, 39, 23, 1, '2012-06-15 09:13:01', '2012-06-15 09:13:01'),
(253, 39, 37, 1, '2012-06-16 13:22:18', '2012-06-16 13:22:18'),
(254, 39, 36, 1, '2012-06-17 08:33:30', '2012-06-17 08:33:30'),
(255, 40, 14, 1, '2012-06-23 15:55:31', '2012-06-23 15:55:31'),
(256, 40, 16, 0, '2012-06-23 15:55:31', '2012-06-23 15:55:31'),
(257, 40, 18, 1, '2012-06-23 15:55:31', '2012-06-23 15:55:31'),
(258, 40, 20, 0, '2012-06-23 15:55:31', '2012-06-23 15:55:31'),
(259, 40, 21, 1, '2012-06-23 15:55:31', '2012-06-23 15:55:31'),
(260, 40, 22, 0, '2012-06-23 15:55:31', '2012-06-23 15:55:31'),
(261, 40, 24, 1, '2012-06-23 15:55:31', '2012-06-23 15:55:31'),
(262, 40, 25, 1, '2012-06-23 15:55:31', '2012-06-23 15:55:31'),
(263, 40, 17, 1, '2012-06-23 15:55:31', '2012-06-23 15:55:31'),
(264, 40, 15, 1, '2012-06-23 15:55:31', '2012-06-23 15:55:31'),
(265, 40, 23, 1, '2012-06-24 08:24:36', '2012-06-24 08:24:36'),
(266, 40, 37, 0, '2012-06-24 08:24:36', '2012-06-24 08:24:36'),
(267, 40, 31, 1, '2012-06-24 08:43:11', '2012-06-24 08:43:11'),
(268, 40, 39, 1, '2012-06-24 09:41:21', '2012-06-24 09:41:21'),
(269, 41, 14, 1, '2012-06-29 21:55:08', '2012-06-29 21:55:08'),
(270, 41, 16, 1, '2012-06-29 21:55:08', '2012-06-29 21:55:08'),
(271, 41, 18, 1, '2012-06-29 21:55:09', '2012-06-29 21:55:09'),
(272, 41, 19, 0, '2012-06-29 21:55:09', '2012-06-29 21:55:09'),
(273, 41, 21, 1, '2012-06-29 21:55:09', '2012-06-29 21:55:09'),
(274, 41, 24, 1, '2012-06-29 21:55:09', '2012-06-29 21:55:09'),
(275, 41, 25, 1, '2012-06-29 21:55:09', '2012-06-29 21:55:09'),
(276, 41, 15, 1, '2012-06-29 21:55:09', '2012-06-29 21:55:09'),
(277, 41, 23, 1, '2012-06-29 21:55:09', '2012-06-29 21:55:09'),
(278, 41, 31, 1, '2012-06-29 21:55:09', '2012-06-29 21:55:09'),
(279, 41, 37, 0, '2012-06-30 20:09:48', '2012-06-30 20:09:48'),
(280, 41, 20, 1, '2012-07-01 11:10:55', '2012-07-01 11:10:55'),
(281, 42, 14, 1, '2012-07-07 12:28:35', '2012-07-07 12:28:35'),
(282, 42, 16, 0, '2012-07-07 12:28:35', '2012-07-07 12:28:35'),
(283, 42, 18, 0, '2012-07-07 12:28:36', '2012-07-07 12:28:36'),
(284, 42, 20, 0, '2012-07-07 12:28:36', '2012-07-07 12:28:36'),
(285, 42, 21, 0, '2012-07-07 12:28:36', '2012-07-07 12:28:36'),
(286, 42, 24, 0, '2012-07-07 12:28:36', '2012-07-07 12:28:36'),
(287, 42, 25, 0, '2012-07-07 12:28:36', '2012-07-07 12:28:36'),
(288, 42, 17, 0, '2012-07-07 12:28:36', '2012-07-07 12:28:36'),
(289, 42, 15, 0, '2012-07-07 12:28:36', '2012-07-07 12:28:36'),
(290, 42, 23, 0, '2012-07-07 12:28:36', '2012-07-07 12:28:36'),
(291, 42, 31, 0, '2012-07-08 09:04:12', '2012-07-08 09:04:12'),
(292, 43, 14, 1, '2012-07-21 14:19:20', '2012-07-21 14:19:20'),
(293, 43, 16, 1, '2012-07-21 14:19:20', '2012-07-21 14:19:20'),
(294, 43, 18, 1, '2012-07-21 14:19:20', '2012-07-21 14:19:20'),
(295, 43, 21, 1, '2012-07-21 14:19:20', '2012-07-21 14:19:20'),
(296, 43, 22, 1, '2012-07-21 14:19:20', '2012-07-21 14:19:20'),
(297, 43, 24, 0, '2012-07-21 14:19:20', '2012-07-21 14:19:20'),
(298, 43, 25, 0, '2012-07-21 14:19:20', '2012-07-21 14:19:20'),
(299, 43, 17, 0, '2012-07-21 14:19:20', '2012-07-21 14:19:20'),
(300, 43, 15, 1, '2012-07-21 14:19:20', '2012-07-21 14:19:20'),
(301, 43, 23, 1, '2012-07-21 14:19:20', '2012-07-21 14:19:20'),
(302, 43, 31, 1, '2012-07-21 14:50:02', '2012-07-21 14:50:02'),
(303, 43, 37, 1, '2012-07-21 14:50:02', '2012-07-21 14:50:02'),
(304, 43, 41, 1, '2012-07-22 10:28:51', '2012-07-22 10:28:51'),
(305, 44, 14, 1, '2012-07-27 09:41:56', '2012-07-27 09:41:56'),
(306, 44, 16, 1, '2012-07-27 09:41:56', '2012-07-27 09:41:56'),
(307, 44, 18, 1, '2012-07-27 09:41:56', '2012-07-27 09:41:56'),
(308, 44, 21, 1, '2012-07-27 09:41:56', '2012-07-27 09:41:56'),
(309, 44, 22, 1, '2012-07-27 09:41:56', '2012-07-27 09:41:56'),
(310, 44, 24, 1, '2012-07-27 09:41:56', '2012-07-27 09:41:56'),
(311, 44, 25, 0, '2012-07-27 09:41:56', '2012-07-27 09:41:56'),
(312, 44, 17, 0, '2012-07-27 09:41:56', '2012-07-27 09:41:56'),
(313, 44, 15, 1, '2012-07-27 09:41:56', '2012-07-27 09:41:56'),
(314, 44, 23, 1, '2012-07-27 09:41:56', '2012-07-27 09:41:56'),
(315, 44, 42, 1, '2012-07-29 09:17:01', '2012-07-29 09:17:01'),
(316, 44, 31, 1, '2012-07-29 11:12:48', '2012-07-29 11:12:48'),
(317, 45, 14, 1, '2012-08-04 11:45:18', '2012-08-04 11:45:18'),
(318, 45, 16, 1, '2012-08-04 11:45:18', '2012-08-04 11:45:18'),
(319, 45, 18, 1, '2012-08-04 11:45:18', '2012-08-04 11:45:18'),
(320, 45, 21, 1, '2012-08-04 11:45:18', '2012-08-04 11:45:18'),
(321, 45, 22, 1, '2012-08-04 11:45:18', '2012-08-04 11:45:18'),
(322, 45, 24, 1, '2012-08-04 11:45:18', '2012-08-04 11:45:18'),
(323, 45, 25, 1, '2012-08-04 11:45:18', '2012-08-04 11:45:18'),
(324, 45, 17, 1, '2012-08-04 11:45:18', '2012-08-04 11:45:18'),
(325, 45, 15, 1, '2012-08-04 11:45:18', '2012-08-04 11:45:18'),
(326, 45, 23, 0, '2012-08-04 11:45:18', '2012-08-04 11:45:18'),
(327, 45, 31, 1, '2012-08-05 07:43:06', '2012-08-05 07:43:06'),
(328, 46, 14, 1, '2012-08-11 12:23:19', '2012-08-11 12:23:19'),
(329, 46, 16, 1, '2012-08-11 12:23:19', '2012-08-11 12:23:19'),
(330, 46, 18, 1, '2012-08-11 12:23:19', '2012-08-11 12:23:19'),
(331, 46, 19, 0, '2012-08-11 12:23:19', '2012-08-11 12:23:19'),
(332, 46, 21, 1, '2012-08-11 12:23:19', '2012-08-11 12:23:19'),
(333, 46, 22, 0, '2012-08-11 12:23:19', '2012-08-11 12:23:19'),
(334, 46, 24, 0, '2012-08-11 12:23:19', '2012-08-11 12:23:19'),
(335, 46, 25, 1, '2012-08-11 12:23:19', '2012-08-11 12:23:19'),
(336, 46, 17, 1, '2012-08-11 12:23:19', '2012-08-11 12:23:19'),
(337, 46, 15, 1, '2012-08-11 12:23:19', '2012-08-11 12:23:19'),
(338, 46, 23, 1, '2012-08-11 13:20:51', '2012-08-11 13:20:51'),
(339, 46, 20, 1, '2012-08-12 11:36:10', '2012-08-12 11:36:10'),
(340, 46, 43, 1, '2012-08-12 11:37:26', '2012-08-12 11:37:26'),
(341, 47, 14, 1, '2012-08-18 12:21:02', '2012-08-18 12:21:02'),
(342, 47, 16, 1, '2012-08-18 12:21:02', '2012-08-18 12:21:02'),
(343, 47, 18, 1, '2012-08-18 12:21:02', '2012-08-18 12:21:02'),
(344, 47, 21, 1, '2012-08-18 12:21:02', '2012-08-18 12:21:02'),
(345, 47, 22, 0, '2012-08-18 12:21:02', '2012-08-18 12:21:02'),
(346, 47, 24, 0, '2012-08-18 12:21:02', '2012-08-18 12:21:02'),
(347, 47, 25, 0, '2012-08-18 12:21:02', '2012-08-18 12:21:02'),
(348, 47, 17, 0, '2012-08-18 12:21:02', '2012-08-18 12:21:02'),
(349, 47, 15, 1, '2012-08-18 12:21:02', '2012-08-18 12:21:02'),
(350, 47, 23, 1, '2012-08-18 12:21:02', '2012-08-18 12:21:02'),
(351, 47, 31, 1, '2012-08-18 12:24:41', '2012-08-18 12:24:41'),
(352, 47, 36, 1, '2012-08-19 08:15:14', '2012-08-19 08:15:14'),
(353, 47, 32, 1, '2012-08-19 09:47:55', '2012-08-19 09:47:55'),
(354, 47, 44, 1, '2012-08-19 12:15:03', '2012-08-19 12:15:03'),
(355, 48, 14, 1, '2012-08-25 12:36:55', '2012-08-25 12:36:55'),
(356, 48, 16, 0, '2012-08-25 12:36:55', '2012-08-25 12:36:55'),
(357, 48, 21, 1, '2012-08-25 12:36:55', '2012-08-25 12:36:55'),
(358, 48, 22, 0, '2012-08-25 12:36:55', '2012-08-25 12:36:55'),
(359, 48, 24, 1, '2012-08-25 12:36:55', '2012-08-25 12:36:55'),
(360, 48, 25, 1, '2012-08-25 12:36:55', '2012-08-25 12:36:55'),
(361, 48, 17, 1, '2012-08-25 12:36:55', '2012-08-25 12:36:55'),
(362, 48, 15, 1, '2012-08-25 12:36:55', '2012-08-25 12:36:55'),
(363, 48, 30, 1, '2012-08-25 12:36:55', '2012-08-25 12:36:55'),
(364, 48, 23, 1, '2012-08-25 12:36:55', '2012-08-25 12:36:55'),
(365, 48, 38, 1, '2012-08-26 09:34:54', '2012-08-26 09:34:54'),
(366, 48, 20, 1, '2012-08-26 09:35:04', '2012-08-26 09:35:04'),
(367, 49, 14, 1, '2012-08-31 11:14:17', '2012-08-31 11:14:17'),
(368, 49, 16, 0, '2012-08-31 11:14:17', '2012-08-31 11:14:17'),
(369, 49, 18, 1, '2012-08-31 11:14:17', '2012-08-31 11:14:17'),
(370, 49, 19, 1, '2012-08-31 11:14:17', '2012-08-31 11:14:17'),
(371, 49, 21, 0, '2012-08-31 11:14:17', '2012-08-31 11:14:17'),
(372, 49, 22, 1, '2012-08-31 11:14:17', '2012-08-31 11:14:17'),
(373, 49, 24, 1, '2012-08-31 11:14:17', '2012-08-31 11:14:17'),
(374, 49, 25, 1, '2012-08-31 11:14:17', '2012-08-31 11:14:17'),
(375, 49, 17, 1, '2012-08-31 11:14:17', '2012-08-31 11:14:17'),
(376, 49, 15, 1, '2012-08-31 11:14:17', '2012-08-31 11:14:17'),
(377, 49, 23, 1, '2012-09-01 08:52:14', '2012-09-01 08:52:14'),
(378, 49, 31, 1, '2012-09-01 15:06:05', '2012-09-01 15:06:05'),
(379, 50, 14, 1, '2012-09-08 12:17:21', '2012-09-08 12:17:21'),
(380, 50, 16, 0, '2012-09-08 12:17:21', '2012-09-08 12:17:21'),
(381, 50, 18, 1, '2012-09-08 12:17:21', '2012-09-08 12:17:21'),
(382, 50, 19, 1, '2012-09-08 12:17:21', '2012-09-08 12:17:21'),
(383, 50, 20, 1, '2012-09-08 12:17:21', '2012-09-08 12:17:21'),
(384, 50, 21, 1, '2012-09-08 12:17:21', '2012-09-08 12:17:21'),
(385, 50, 22, 1, '2012-09-08 12:17:21', '2012-09-08 12:17:21'),
(386, 50, 24, 1, '2012-09-08 12:17:21', '2012-09-08 12:17:21'),
(387, 50, 25, 1, '2012-09-08 12:17:21', '2012-09-08 12:17:21'),
(388, 50, 17, 1, '2012-09-08 12:17:21', '2012-09-08 12:17:21'),
(389, 50, 15, 1, '2012-09-09 07:50:34', '2012-09-09 07:50:34'),
(390, 51, 14, 1, '2012-09-15 10:42:01', '2012-09-15 10:42:01'),
(391, 51, 16, 1, '2012-09-15 10:42:01', '2012-09-15 10:42:01'),
(392, 51, 18, 1, '2012-09-15 10:42:01', '2012-09-15 10:42:01'),
(393, 51, 20, 0, '2012-09-15 10:42:01', '2012-09-15 10:42:01'),
(394, 51, 21, 1, '2012-09-15 10:42:02', '2012-09-15 10:42:02'),
(395, 51, 22, 0, '2012-09-15 10:42:02', '2012-09-15 10:42:02'),
(396, 51, 24, 1, '2012-09-15 10:42:02', '2012-09-15 10:42:02'),
(397, 51, 25, 1, '2012-09-15 10:42:02', '2012-09-15 10:42:02'),
(398, 51, 17, 1, '2012-09-15 10:42:02', '2012-09-15 10:42:02'),
(399, 51, 15, 1, '2012-09-15 10:42:02', '2012-09-15 10:42:02'),
(400, 51, 23, 1, '2012-09-15 11:50:31', '2012-09-15 11:50:31'),
(401, 51, 31, 1, '2012-09-15 17:58:14', '2012-09-15 17:58:14'),
(402, 52, 14, 1, '2012-09-22 11:36:42', '2012-09-22 11:36:42'),
(403, 52, 16, 0, '2012-09-22 11:36:42', '2012-09-22 11:36:42'),
(404, 52, 18, 1, '2012-09-22 11:36:42', '2012-09-22 11:36:42'),
(405, 52, 19, 1, '2012-09-22 11:36:42', '2012-09-22 11:36:42'),
(406, 52, 20, 1, '2012-09-22 11:36:42', '2012-09-22 11:36:42'),
(407, 52, 21, 1, '2012-09-22 11:36:42', '2012-09-22 11:36:42'),
(408, 52, 22, 1, '2012-09-22 11:36:42', '2012-09-22 11:36:42'),
(409, 52, 24, 0, '2012-09-22 11:36:42', '2012-09-22 11:36:42'),
(410, 52, 25, 1, '2012-09-22 11:36:42', '2012-09-22 11:36:42'),
(411, 52, 17, 0, '2012-09-22 11:36:42', '2012-09-22 11:36:42'),
(412, 52, 15, 1, '2012-09-22 15:38:33', '2012-09-22 15:38:33'),
(413, 52, 23, 1, '2012-09-22 15:38:33', '2012-09-22 15:38:33'),
(414, 52, 31, 1, '2012-09-23 08:24:45', '2012-09-23 08:24:45'),
(415, 53, 14, 1, '2012-09-29 10:26:43', '2012-09-29 10:26:43'),
(416, 53, 16, 1, '2012-09-29 10:26:43', '2012-09-29 10:26:43'),
(417, 53, 18, 1, '2012-09-29 10:26:43', '2012-09-29 10:26:43'),
(418, 53, 19, 1, '2012-09-29 10:26:43', '2012-09-29 10:26:43'),
(419, 53, 20, 1, '2012-09-29 10:26:43', '2012-09-29 10:26:43'),
(420, 53, 21, 1, '2012-09-29 10:26:43', '2012-09-29 10:26:43'),
(421, 53, 22, 0, '2012-09-29 10:26:43', '2012-09-29 10:26:43'),
(422, 53, 24, 0, '2012-09-29 10:26:43', '2012-09-29 10:26:43'),
(423, 53, 25, 1, '2012-09-29 10:26:43', '2012-09-29 10:26:43'),
(424, 53, 17, 0, '2012-09-29 10:26:43', '2012-09-29 10:26:43'),
(425, 53, 15, 1, '2012-09-29 18:19:48', '2012-09-29 18:19:48'),
(426, 53, 23, 1, '2012-09-29 18:19:48', '2012-09-29 18:19:48'),
(427, 53, 31, 0, '2012-09-29 18:25:31', '2012-09-29 18:25:31'),
(428, 53, 36, 1, '2012-09-30 10:35:02', '2012-09-30 10:35:02'),
(429, 54, 14, 1, '2012-10-06 01:02:13', '2012-10-06 01:02:13'),
(430, 54, 16, 1, '2012-10-06 01:02:13', '2012-10-06 01:02:13'),
(431, 54, 18, 1, '2012-10-06 01:02:13', '2012-10-06 01:02:13'),
(432, 54, 19, 1, '2012-10-06 01:02:13', '2012-10-06 01:02:13'),
(433, 54, 20, 1, '2012-10-06 01:02:13', '2012-10-06 01:02:13'),
(434, 54, 21, 1, '2012-10-06 01:02:13', '2012-10-06 01:02:13'),
(435, 54, 22, 0, '2012-10-06 01:02:13', '2012-10-06 01:02:13'),
(436, 54, 24, 0, '2012-10-06 01:02:13', '2012-10-06 01:02:13'),
(437, 54, 25, 1, '2012-10-06 01:02:13', '2012-10-06 01:02:13'),
(438, 54, 17, 1, '2012-10-06 01:02:13', '2012-10-06 01:02:13'),
(439, 54, 15, 1, '2012-10-06 16:35:32', '2012-10-06 16:35:32'),
(440, 54, 31, 1, '2012-10-06 16:35:32', '2012-10-06 16:35:32'),
(441, 55, 14, 1, '2012-10-13 09:24:02', '2012-10-13 09:24:02'),
(442, 55, 16, 0, '2012-10-13 09:24:02', '2012-10-13 09:24:02'),
(443, 55, 18, 1, '2012-10-13 09:24:02', '2012-10-13 09:24:02'),
(444, 55, 19, 1, '2012-10-13 09:24:02', '2012-10-13 09:24:02'),
(445, 55, 20, 1, '2012-10-13 09:24:02', '2012-10-13 09:24:02'),
(446, 55, 22, 1, '2012-10-13 09:24:02', '2012-10-13 09:24:02'),
(447, 55, 24, 0, '2012-10-13 09:24:02', '2012-10-13 09:24:02'),
(448, 55, 25, 1, '2012-10-13 09:24:02', '2012-10-13 09:24:02'),
(449, 55, 17, 1, '2012-10-13 09:24:02', '2012-10-13 09:24:02'),
(450, 55, 15, 1, '2012-10-13 09:24:02', '2012-10-13 09:24:02'),
(451, 55, 23, 1, '2012-10-13 10:44:31', '2012-10-13 10:44:31'),
(452, 55, 31, NULL, '2012-10-13 10:44:31', '2012-10-13 10:44:31'),
(453, 55, 36, NULL, '2012-10-14 08:25:57', '2012-10-14 08:25:57'),
(454, 55, 30, 1, '2012-10-14 08:31:22', '2012-10-14 08:31:22'),
(456, 55, 45, NULL, '2012-10-14 09:16:32', '2012-10-14 09:16:32'),
(457, 56, 14, 1, '2012-10-26 15:42:21', '2012-10-26 15:42:21'),
(458, 56, 16, 1, '2012-10-26 15:42:21', '2012-10-26 15:42:21'),
(459, 56, 19, 1, '2012-10-26 15:42:21', '2012-10-26 15:42:21'),
(460, 56, 20, 1, '2012-10-26 15:42:21', '2012-10-26 15:42:21'),
(461, 56, 21, 0, '2012-10-26 15:42:21', '2012-10-26 15:42:21'),
(462, 56, 22, 1, '2012-10-26 15:42:21', '2012-10-26 15:42:21'),
(463, 56, 25, 1, '2012-10-26 15:42:21', '2012-10-26 15:42:21'),
(464, 56, 17, 0, '2012-10-26 15:42:21', '2012-10-26 15:42:21'),
(465, 56, 15, 1, '2012-10-26 15:42:21', '2012-10-26 15:42:21'),
(466, 56, 31, 1, '2012-10-26 15:42:21', '2012-10-26 15:42:21'),
(467, 56, 23, 1, '2012-10-26 18:16:38', '2012-10-26 18:16:38'),
(468, 56, 30, 1, '2012-10-28 09:36:17', '2012-10-28 09:36:17'),
(469, 57, 14, 1, '2012-11-03 13:14:19', '2012-11-03 13:14:19'),
(470, 57, 16, 1, '2012-11-03 13:14:19', '2012-11-03 13:14:19'),
(471, 57, 18, 1, '2012-11-03 13:14:19', '2012-11-03 13:14:19'),
(472, 57, 20, 1, '2012-11-03 13:14:19', '2012-11-03 13:14:19'),
(473, 57, 22, 0, '2012-11-03 13:14:19', '2012-11-03 13:14:19'),
(474, 57, 24, 1, '2012-11-03 13:14:19', '2012-11-03 13:14:19'),
(475, 57, 25, 1, '2012-11-03 13:14:19', '2012-11-03 13:14:19'),
(476, 57, 17, 1, '2012-11-03 13:14:19', '2012-11-03 13:14:19'),
(477, 57, 15, 1, '2012-11-03 13:14:19', '2012-11-03 13:14:19'),
(478, 57, 23, 1, '2012-11-03 13:14:19', '2012-11-03 13:14:19'),
(479, 57, 31, 1, '2012-11-04 06:43:36', '2012-11-04 06:43:36'),
(480, 58, 14, 1, '2012-11-09 11:43:19', '2012-11-09 11:43:19'),
(481, 58, 16, 0, '2012-11-09 11:43:19', '2012-11-09 11:43:19'),
(482, 58, 18, 1, '2012-11-09 11:43:19', '2012-11-09 11:43:19'),
(483, 58, 19, 1, '2012-11-09 11:43:19', '2012-11-09 11:43:19'),
(484, 58, 20, 1, '2012-11-09 11:43:19', '2012-11-09 11:43:19'),
(485, 58, 22, 1, '2012-11-09 11:43:19', '2012-11-09 11:43:19'),
(486, 58, 24, 1, '2012-11-09 11:43:19', '2012-11-09 11:43:19'),
(487, 58, 25, 1, '2012-11-09 11:43:19', '2012-11-09 11:43:19'),
(488, 58, 17, 1, '2012-11-09 11:43:19', '2012-11-09 11:43:19'),
(489, 58, 15, 1, '2012-11-09 11:43:19', '2012-11-09 11:43:19'),
(490, 58, 23, 0, '2012-11-11 06:42:37', '2012-11-11 06:42:37'),
(491, 58, 30, 1, '2012-11-11 08:15:43', '2012-11-11 08:15:43'),
(504, 59, 14, 1, '2012-11-16 07:08:31', '2012-11-16 07:08:31'),
(505, 59, 15, 1, '2012-11-16 07:08:31', '2012-11-16 07:08:31'),
(506, 59, 16, 1, '2012-11-16 07:08:31', '2012-11-16 07:08:31'),
(507, 59, 17, 1, '2012-11-16 07:08:31', '2012-11-16 07:08:31'),
(508, 59, 19, 1, '2012-11-16 07:08:31', '2012-11-16 07:08:31'),
(509, 59, 20, 1, '2012-11-16 07:08:31', '2012-11-16 07:08:31'),
(510, 59, 21, 1, '2012-11-16 07:08:31', '2012-11-16 07:08:31'),
(511, 59, 22, 1, '2012-11-16 07:08:31', '2012-11-16 07:08:31'),
(512, 59, 23, 1, '2012-11-16 07:08:31', '2012-11-16 07:08:31'),
(513, 59, 25, 0, '2012-11-16 07:08:31', '2012-11-16 07:08:31'),
(514, 59, 31, 1, '2012-11-16 20:11:35', '2012-11-16 20:11:35'),
(515, 60, 14, 1, '2012-11-22 21:51:57', '2012-11-22 21:51:57'),
(516, 60, 16, 1, '2012-11-22 21:51:57', '2012-11-22 21:51:57'),
(517, 60, 18, 1, '2012-11-22 21:51:57', '2012-11-22 21:51:57'),
(518, 60, 19, 1, '2012-11-22 21:51:57', '2012-11-22 21:51:57'),
(519, 60, 20, 1, '2012-11-22 21:51:57', '2012-11-22 21:51:57'),
(520, 60, 21, 1, '2012-11-22 21:51:57', '2012-11-22 21:51:57'),
(521, 60, 22, 1, '2012-11-22 21:51:57', '2012-11-22 21:51:57'),
(522, 60, 25, 1, '2012-11-22 21:51:57', '2012-11-22 21:51:57'),
(523, 60, 17, 1, '2012-11-22 21:51:57', '2012-11-22 21:51:57'),
(524, 60, 15, 1, '2012-11-22 21:51:57', '2012-11-22 21:51:57'),
(525, 61, 14, 1, '2012-12-01 09:08:56', '2012-12-01 09:08:56'),
(526, 61, 16, 1, '2012-12-01 09:08:56', '2012-12-01 09:08:56'),
(527, 61, 18, 1, '2012-12-01 09:08:56', '2012-12-01 09:08:56'),
(528, 61, 19, 1, '2012-12-01 09:08:56', '2012-12-01 09:08:56'),
(529, 61, 20, 1, '2012-12-01 09:08:56', '2012-12-01 09:08:56'),
(530, 61, 21, 1, '2012-12-01 09:08:56', '2012-12-01 09:08:56'),
(531, 61, 22, 0, '2012-12-01 09:08:56', '2012-12-01 09:08:56'),
(532, 61, 25, 1, '2012-12-01 09:08:56', '2012-12-01 09:08:56'),
(533, 61, 17, 0, '2012-12-01 09:08:56', '2012-12-01 09:08:56'),
(534, 61, 15, 1, '2012-12-01 09:08:56', '2012-12-01 09:08:56'),
(535, 61, 23, 1, '2012-12-01 11:37:51', '2012-12-01 11:37:51'),
(536, 61, 31, 1, '2012-12-01 13:32:04', '2012-12-01 13:32:04'),
(537, 62, 14, 1, '2012-12-08 08:28:02', '2012-12-08 08:28:02'),
(538, 62, 16, 0, '2012-12-08 08:28:02', '2012-12-08 08:28:02'),
(539, 62, 18, 1, '2012-12-08 08:28:02', '2012-12-08 08:28:02'),
(540, 62, 19, 1, '2012-12-08 08:28:02', '2012-12-08 08:28:02'),
(541, 62, 20, 1, '2012-12-08 08:28:02', '2012-12-08 08:28:02'),
(542, 62, 21, 1, '2012-12-08 08:28:02', '2012-12-08 08:28:02'),
(543, 62, 22, 1, '2012-12-08 08:28:02', '2012-12-08 08:28:02'),
(544, 62, 25, 1, '2012-12-08 08:28:02', '2012-12-08 08:28:02'),
(545, 62, 17, 1, '2012-12-08 08:28:02', '2012-12-08 08:28:02'),
(546, 62, 15, 1, '2012-12-08 08:28:02', '2012-12-08 08:28:02'),
(547, 62, 23, 1, '2012-12-08 09:58:05', '2012-12-08 09:58:05'),
(548, 63, 14, 1, '2012-12-21 17:44:54', '2012-12-21 17:44:54'),
(549, 63, 16, 0, '2012-12-21 17:44:54', '2012-12-21 17:44:54'),
(550, 63, 18, 0, '2012-12-21 17:44:54', '2012-12-21 17:44:54'),
(551, 63, 20, 1, '2012-12-21 17:44:54', '2012-12-21 17:44:54'),
(552, 63, 21, 1, '2012-12-21 17:44:54', '2012-12-21 17:44:54'),
(553, 63, 22, 0, '2012-12-21 17:44:54', '2012-12-21 17:44:54'),
(554, 63, 24, 1, '2012-12-21 17:44:54', '2012-12-21 17:44:54'),
(555, 63, 25, 0, '2012-12-21 17:44:54', '2012-12-21 17:44:54'),
(556, 63, 17, 1, '2012-12-21 17:44:54', '2012-12-21 17:44:54'),
(557, 63, 15, 1, '2012-12-21 17:44:54', '2012-12-21 17:44:54'),
(558, 63, 23, 1, '2012-12-21 22:05:45', '2012-12-21 22:05:45'),
(559, 63, 30, 0, '2012-12-22 07:08:58', '2012-12-22 07:08:58'),
(560, 63, 31, 1, '2012-12-22 07:08:58', '2012-12-22 07:08:58'),
(561, 63, 42, 0, '2012-12-22 11:01:35', '2012-12-22 11:01:35'),
(562, 63, 37, 1, '2012-12-23 09:35:03', '2012-12-23 09:35:03'),
(563, 63, 46, 1, '2012-12-23 09:46:02', '2012-12-23 09:46:02'),
(576, 65, 14, 1, '2013-01-05 10:25:07', '2013-01-05 10:25:07'),
(577, 65, 16, 0, '2013-01-05 10:25:07', '2013-01-05 10:25:07'),
(578, 65, 18, 1, '2013-01-05 10:25:07', '2013-01-05 10:25:07'),
(579, 65, 19, 1, '2013-01-05 10:25:07', '2013-01-05 10:25:07'),
(580, 65, 20, 1, '2013-01-05 10:25:07', '2013-01-05 10:25:07'),
(581, 65, 21, 1, '2013-01-05 10:25:07', '2013-01-05 10:25:07'),
(582, 65, 22, 1, '2013-01-05 10:25:07', '2013-01-05 10:25:07'),
(583, 65, 25, 1, '2013-01-05 10:25:07', '2013-01-05 10:25:07'),
(584, 65, 17, 1, '2013-01-05 10:25:07', '2013-01-05 10:25:07'),
(585, 65, 15, 1, '2013-01-05 10:25:07', '2013-01-05 10:25:07'),
(586, 65, 23, 1, '2013-01-06 10:14:06', '2013-01-06 10:14:06'),
(587, 66, 14, 0, '2013-01-11 15:42:11', '2013-01-11 15:42:11'),
(588, 66, 16, 0, '2013-01-11 15:42:11', '2013-01-11 15:42:11'),
(589, 66, 18, 0, '2013-01-11 15:42:11', '2013-01-11 15:42:11'),
(590, 66, 19, 1, '2013-01-11 15:42:11', '2013-01-11 15:42:11'),
(591, 66, 20, 1, '2013-01-11 15:42:11', '2013-01-11 15:42:11'),
(592, 66, 21, 0, '2013-01-11 15:42:11', '2013-01-11 15:42:11'),
(593, 66, 22, 1, '2013-01-11 15:42:11', '2013-01-11 15:42:11'),
(594, 66, 25, 1, '2013-01-11 15:42:11', '2013-01-11 15:42:11'),
(595, 66, 17, 1, '2013-01-11 15:42:11', '2013-01-11 15:42:11'),
(596, 66, 15, 1, '2013-01-11 15:42:11', '2013-01-11 15:42:11'),
(597, 66, 23, 0, '2013-01-11 15:49:00', '2013-01-11 15:49:00'),
(598, 66, 31, 1, '2013-01-11 20:59:57', '2013-01-11 20:59:57'),
(599, 66, 42, 1, '2013-01-11 20:59:57', '2013-01-11 20:59:57'),
(600, 66, 30, 1, '2013-01-12 08:06:39', '2013-01-12 08:06:39'),
(601, 66, 36, 1, '2013-01-12 11:30:45', '2013-01-12 11:30:45'),
(617, 67, 14, 0, '2013-01-26 14:24:59', '2013-01-26 14:24:59'),
(618, 67, 15, 1, '2013-01-26 14:24:59', '2013-01-26 14:24:59'),
(619, 67, 16, 0, '2013-01-26 14:24:59', '2013-01-26 14:24:59'),
(620, 67, 17, 1, '2013-01-26 14:24:59', '2013-01-26 14:24:59'),
(621, 67, 18, 1, '2013-01-26 14:24:59', '2013-01-26 14:24:59'),
(622, 67, 20, 1, '2013-01-26 14:24:59', '2013-01-26 14:24:59'),
(623, 67, 21, 1, '2013-01-26 14:24:59', '2013-01-26 14:24:59'),
(624, 67, 22, 1, '2013-01-26 14:24:59', '2013-01-26 14:24:59'),
(625, 67, 24, 0, '2013-01-26 14:24:59', '2013-01-26 14:24:59'),
(626, 67, 25, 1, '2013-01-26 14:24:59', '2013-01-26 14:24:59'),
(627, 67, 23, 1, '2013-01-26 14:27:38', '2013-01-26 14:27:38'),
(628, 67, 31, 1, '2013-01-26 14:27:38', '2013-01-26 14:27:38'),
(629, 67, 30, 0, '2013-01-27 07:24:04', '2013-01-27 07:24:04'),
(630, 67, 36, 1, '2013-01-27 07:35:37', '2013-01-27 07:35:37'),
(631, 68, 14, 1, '2013-02-01 08:08:56', '2013-02-01 08:08:56'),
(632, 68, 16, 1, '2013-02-01 08:08:56', '2013-02-01 08:08:56'),
(633, 68, 18, 1, '2013-02-01 08:08:56', '2013-02-01 08:08:56'),
(634, 68, 19, 1, '2013-02-01 08:08:56', '2013-02-01 08:08:56'),
(635, 68, 20, 1, '2013-02-01 08:08:56', '2013-02-01 08:08:56'),
(636, 68, 22, 0, '2013-02-01 08:08:56', '2013-02-01 08:08:56'),
(637, 68, 25, 1, '2013-02-01 08:08:56', '2013-02-01 08:08:56'),
(638, 68, 17, 1, '2013-02-01 08:08:56', '2013-02-01 08:08:56'),
(639, 68, 15, 1, '2013-02-01 08:08:56', '2013-02-01 08:08:56'),
(640, 68, 23, 1, '2013-02-01 08:08:56', '2013-02-01 08:08:56'),
(641, 68, 31, 1, '2013-02-02 07:32:42', '2013-02-02 07:32:42'),
(642, 69, 14, 0, '2013-02-09 07:20:15', '2013-02-09 07:20:15'),
(643, 69, 16, 0, '2013-02-09 07:20:15', '2013-02-09 07:20:15'),
(644, 69, 18, 1, '2013-02-09 07:20:15', '2013-02-09 07:20:15'),
(645, 69, 19, 1, '2013-02-09 07:20:15', '2013-02-09 07:20:15'),
(646, 69, 20, 1, '2013-02-09 07:20:15', '2013-02-09 07:20:15'),
(647, 69, 21, 1, '2013-02-09 07:20:15', '2013-02-09 07:20:15'),
(648, 69, 22, 1, '2013-02-09 07:20:15', '2013-02-09 07:20:15'),
(649, 69, 24, 1, '2013-02-09 07:20:15', '2013-02-09 07:20:15'),
(650, 69, 25, 1, '2013-02-09 07:20:15', '2013-02-09 07:20:15'),
(651, 69, 17, 0, '2013-02-09 07:20:15', '2013-02-09 07:20:15'),
(652, 69, 15, 1, '2013-02-09 14:21:51', '2013-02-09 14:21:51'),
(653, 69, 23, 1, '2013-02-09 14:50:50', '2013-02-09 14:50:50'),
(654, 69, 31, 1, '2013-02-10 09:31:49', '2013-02-10 09:31:49'),
(655, 70, 14, 0, '2013-02-15 08:09:27', '2013-02-15 08:09:27'),
(656, 70, 16, 1, '2013-02-15 08:09:27', '2013-02-15 08:09:27'),
(657, 70, 18, 1, '2013-02-15 08:09:27', '2013-02-15 08:09:27'),
(658, 70, 19, 1, '2013-02-15 08:09:27', '2013-02-15 08:09:27'),
(659, 70, 20, 1, '2013-02-15 08:09:27', '2013-02-15 08:09:27'),
(660, 70, 21, 0, '2013-02-15 08:09:27', '2013-02-15 08:09:27'),
(661, 70, 22, 0, '2013-02-15 08:09:27', '2013-02-15 08:09:27'),
(662, 70, 24, 0, '2013-02-15 08:09:27', '2013-02-15 08:09:27'),
(663, 70, 25, 1, '2013-02-15 08:09:27', '2013-02-15 08:09:27'),
(664, 70, 17, 0, '2013-02-15 08:09:27', '2013-02-15 08:09:27'),
(677, 70, 15, 1, '2013-02-15 08:14:04', '2013-02-15 08:14:04'),
(678, 70, 23, 1, '2013-02-15 08:14:04', '2013-02-15 08:14:04'),
(679, 70, 31, 1, '2013-02-15 09:03:15', '2013-02-15 09:03:15'),
(680, 70, 30, 1, '2013-02-15 11:07:51', '2013-02-15 11:07:51'),
(681, 70, 36, 1, '2013-02-17 09:03:30', '2013-02-17 09:03:30'),
(682, 71, 14, 0, '2013-02-22 14:31:14', '2013-02-22 14:31:14'),
(683, 71, 16, 1, '2013-02-22 14:31:14', '2013-02-22 14:31:14'),
(684, 71, 18, 1, '2013-02-22 14:31:14', '2013-02-22 14:31:14'),
(685, 71, 19, 1, '2013-02-22 14:31:14', '2013-02-22 14:31:14'),
(686, 71, 20, 1, '2013-02-22 14:31:14', '2013-02-22 14:31:14'),
(687, 71, 21, 1, '2013-02-22 14:31:14', '2013-02-22 14:31:14'),
(688, 71, 22, 1, '2013-02-22 14:31:14', '2013-02-22 14:31:14'),
(689, 71, 24, 0, '2013-02-22 14:31:14', '2013-02-22 14:31:14'),
(690, 71, 25, 1, '2013-02-22 14:31:14', '2013-02-22 14:31:14'),
(691, 71, 17, 0, '2013-02-22 14:31:14', '2013-02-22 14:31:14'),
(692, 71, 15, 1, '2013-02-22 14:32:53', '2013-02-22 14:32:53'),
(693, 71, 23, 1, '2013-02-22 14:32:53', '2013-02-22 14:32:53'),
(694, 71, 31, 1, '2013-02-22 14:32:53', '2013-02-22 14:32:53'),
(695, 72, 14, 0, '2013-03-02 07:37:52', '2013-03-02 07:37:52'),
(696, 72, 16, 0, '2013-03-02 07:37:52', '2013-03-02 07:37:52'),
(697, 72, 18, 1, '2013-03-02 07:37:52', '2013-03-02 07:37:52'),
(698, 72, 19, 1, '2013-03-02 07:37:52', '2013-03-02 07:37:52'),
(699, 72, 20, 1, '2013-03-02 07:37:52', '2013-03-02 07:37:52'),
(700, 72, 21, 0, '2013-03-02 07:37:52', '2013-03-02 07:37:52'),
(701, 72, 22, 1, '2013-03-02 07:37:52', '2013-03-02 07:37:52'),
(702, 72, 24, 0, '2013-03-02 07:37:52', '2013-03-02 07:37:52'),
(703, 72, 25, 1, '2013-03-02 07:37:52', '2013-03-02 07:37:52'),
(704, 72, 17, 1, '2013-03-02 07:37:52', '2013-03-02 07:37:52'),
(708, 72, 15, 1, '2013-03-02 07:45:24', '2013-03-02 07:45:24'),
(709, 72, 23, 1, '2013-03-02 07:45:24', '2013-03-02 07:45:24'),
(710, 72, 31, 1, '2013-03-02 07:45:24', '2013-03-02 07:45:24'),
(711, 72, 30, 0, '2013-03-02 13:42:13', '2013-03-02 13:42:13'),
(712, 72, 36, 1, '2013-03-02 17:08:48', '2013-03-02 17:08:48'),
(713, 73, 14, 1, '2013-03-09 10:04:27', '2013-03-09 10:04:27'),
(714, 73, 16, 1, '2013-03-09 10:04:27', '2013-03-09 10:04:27'),
(715, 73, 18, 1, '2013-03-09 10:04:27', '2013-03-09 10:04:27'),
(716, 73, 20, 1, '2013-03-09 10:04:27', '2013-03-09 10:04:27'),
(717, 73, 21, 0, '2013-03-09 10:04:27', '2013-03-09 10:04:27'),
(718, 73, 22, 0, '2013-03-09 10:04:27', '2013-03-09 10:04:27'),
(719, 73, 24, 1, '2013-03-09 10:04:27', '2013-03-09 10:04:27'),
(720, 73, 25, 1, '2013-03-09 10:04:27', '2013-03-09 10:04:27'),
(721, 73, 17, 1, '2013-03-09 10:04:27', '2013-03-09 10:04:27'),
(722, 73, 15, 1, '2013-03-09 10:04:27', '2013-03-09 10:04:27'),
(723, 73, 23, 1, '2013-03-09 10:06:19', '2013-03-09 10:06:19'),
(724, 73, 31, 1, '2013-03-09 10:06:19', '2013-03-09 10:06:19'),
(725, 74, 14, 1, '2013-03-16 12:09:25', '2013-03-16 12:09:25'),
(726, 74, 16, 0, '2013-03-16 12:09:25', '2013-03-16 12:09:25'),
(727, 74, 18, 1, '2013-03-16 12:09:25', '2013-03-16 12:09:25'),
(728, 74, 19, 1, '2013-03-16 12:09:25', '2013-03-16 12:09:25'),
(729, 74, 20, 1, '2013-03-16 12:09:25', '2013-03-16 12:09:25'),
(730, 74, 21, 0, '2013-03-16 12:09:25', '2013-03-16 12:09:25'),
(731, 74, 22, 1, '2013-03-16 12:09:25', '2013-03-16 12:09:25'),
(732, 74, 24, 1, '2013-03-16 12:09:25', '2013-03-16 12:09:25'),
(733, 74, 25, 1, '2013-03-16 12:09:25', '2013-03-16 12:09:25'),
(734, 74, 17, 1, '2013-03-16 12:09:25', '2013-03-16 12:09:25'),
(735, 74, 15, 1, '2013-03-16 12:37:29', '2013-03-16 12:37:29'),
(736, 74, 23, 1, '2013-03-16 12:37:29', '2013-03-16 12:37:29'),
(738, 74, 31, NULL, '2013-03-16 12:37:29', '2013-03-16 12:37:29'),
(739, 75, 14, 1, '2013-03-23 10:02:37', '2013-03-23 10:02:37'),
(740, 75, 16, 1, '2013-03-23 10:02:37', '2013-03-23 10:02:37'),
(741, 75, 18, 1, '2013-03-23 10:02:37', '2013-03-23 10:02:37'),
(742, 75, 19, 1, '2013-03-23 10:02:37', '2013-03-23 10:02:37'),
(743, 75, 20, 1, '2013-03-23 10:02:37', '2013-03-23 10:02:37'),
(744, 75, 21, 1, '2013-03-23 10:02:38', '2013-03-23 10:02:38'),
(745, 75, 22, 1, '2013-03-23 10:02:38', '2013-03-23 10:02:38'),
(746, 75, 24, 1, '2013-03-23 10:02:38', '2013-03-23 10:02:38'),
(747, 75, 17, 1, '2013-03-23 10:02:38', '2013-03-23 10:02:38'),
(748, 75, 15, 1, '2013-03-23 10:02:38', '2013-03-23 10:02:38'),
(749, 75, 23, NULL, '2013-03-23 10:05:01', '2013-03-23 10:05:01'),
(750, 75, 31, NULL, '2013-03-23 10:05:01', '2013-03-23 10:05:01'),
(751, 76, 14, 1, '2013-03-28 23:04:47', '2013-03-28 23:04:47'),
(752, 76, 16, 1, '2013-03-28 23:04:47', '2013-03-28 23:04:47'),
(753, 76, 20, 1, '2013-03-28 23:04:47', '2013-03-28 23:04:47'),
(754, 76, 21, 1, '2013-03-28 23:04:47', '2013-03-28 23:04:47'),
(755, 76, 22, 0, '2013-03-28 23:04:47', '2013-03-28 23:04:47'),
(756, 76, 24, 1, '2013-03-28 23:04:47', '2013-03-28 23:04:47'),
(757, 76, 17, 0, '2013-03-28 23:04:47', '2013-03-28 23:04:47'),
(758, 76, 15, 1, '2013-03-28 23:04:47', '2013-03-28 23:04:47'),
(759, 76, 23, 1, '2013-03-28 23:04:47', '2013-03-28 23:04:47'),
(760, 76, 31, 1, '2013-03-28 23:04:47', '2013-03-28 23:04:47'),
(761, 76, 30, 0, '2013-03-29 09:28:09', '2013-03-29 09:28:09'),
(762, 76, 36, 1, '2013-03-29 09:28:09', '2013-03-29 09:28:09'),
(763, 76, 25, 1, '2013-03-30 10:59:55', '2013-03-30 10:59:55'),
(764, 77, 14, 1, '2013-04-05 08:21:11', '2013-04-05 08:21:11'),
(765, 77, 16, 0, '2013-04-05 08:21:11', '2013-04-05 08:21:11'),
(766, 77, 18, 1, '2013-04-05 08:21:11', '2013-04-05 08:21:11'),
(767, 77, 19, 1, '2013-04-05 08:21:11', '2013-04-05 08:21:11'),
(768, 77, 20, 1, '2013-04-05 08:21:11', '2013-04-05 08:21:11'),
(769, 77, 21, 1, '2013-04-05 08:21:11', '2013-04-05 08:21:11'),
(770, 77, 22, 1, '2013-04-05 08:21:11', '2013-04-05 08:21:11'),
(771, 77, 24, 1, '2013-04-05 08:21:11', '2013-04-05 08:21:11'),
(772, 77, 25, 1, '2013-04-05 08:21:11', '2013-04-05 08:21:11'),
(773, 77, 17, 0, '2013-04-05 08:21:11', '2013-04-05 08:21:11'),
(774, 77, 15, 1, '2013-04-05 08:25:30', '2013-04-05 08:25:30'),
(775, 77, 23, 1, '2013-04-05 08:25:30', '2013-04-05 08:25:30'),
(777, 78, 14, 1, '2013-04-12 07:48:03', '2013-04-12 07:48:03'),
(778, 78, 16, 1, '2013-04-12 07:48:03', '2013-04-12 07:48:03'),
(779, 78, 18, 0, '2013-04-12 07:48:03', '2013-04-12 07:48:03'),
(780, 78, 19, 1, '2013-04-12 07:48:03', '2013-04-12 07:48:03'),
(781, 78, 20, 1, '2013-04-12 07:48:03', '2013-04-12 07:48:03'),
(782, 78, 21, 1, '2013-04-12 07:48:03', '2013-04-12 07:48:03'),
(783, 78, 22, 1, '2013-04-12 07:48:03', '2013-04-12 07:48:03'),
(784, 78, 24, 1, '2013-04-12 07:48:03', '2013-04-12 07:48:03'),
(785, 78, 25, 1, '2013-04-12 07:48:03', '2013-04-12 07:48:03'),
(786, 78, 17, 1, '2013-04-12 07:48:03', '2013-04-12 07:48:03'),
(787, 78, 15, 1, '2013-04-12 07:51:01', '2013-04-12 07:51:01'),
(788, 78, 23, NULL, '2013-04-12 07:51:01', '2013-04-12 07:51:01'),
(789, 79, 14, 1, '2013-04-20 06:48:21', '2013-04-20 06:48:21'),
(790, 79, 16, 0, '2013-04-20 06:48:21', '2013-04-20 06:48:21'),
(792, 79, 19, 1, '2013-04-20 06:48:21', '2013-04-20 06:48:21'),
(793, 79, 20, 1, '2013-04-20 06:48:21', '2013-04-20 06:48:21'),
(794, 79, 21, 0, '2013-04-20 06:48:21', '2013-04-20 06:48:21'),
(795, 79, 22, 1, '2013-04-20 06:48:21', '2013-04-20 06:48:21'),
(796, 79, 24, 0, '2013-04-20 06:48:21', '2013-04-20 06:48:21'),
(797, 79, 25, 1, '2013-04-20 06:48:21', '2013-04-20 06:48:21'),
(798, 79, 17, 0, '2013-04-20 06:48:21', '2013-04-20 06:48:21'),
(799, 79, 15, 1, '2013-04-20 06:48:49', '2013-04-20 06:48:49'),
(800, 79, 23, 1, '2013-04-20 06:51:37', '2013-04-20 06:51:37'),
(801, 79, 31, 1, '2013-04-20 17:27:01', '2013-04-20 17:27:01'),
(802, 79, 30, 0, '2013-04-21 05:51:18', '2013-04-21 05:51:18'),
(803, 79, 36, 1, '2013-04-21 05:51:18', '2013-04-21 05:51:18'),
(804, 79, 38, 1, '2013-04-21 09:20:29', '2013-04-21 09:20:29'),
(805, 80, 14, 1, '2013-04-27 14:46:45', '2013-04-27 14:46:45'),
(806, 80, 16, 1, '2013-04-27 14:46:45', '2013-04-27 14:46:45'),
(807, 80, 20, 1, '2013-04-27 14:46:45', '2013-04-27 14:46:45'),
(808, 80, 21, 1, '2013-04-27 14:46:45', '2013-04-27 14:46:45'),
(809, 80, 22, 1, '2013-04-27 14:46:45', '2013-04-27 14:46:45'),
(810, 80, 24, 0, '2013-04-27 14:46:45', '2013-04-27 14:46:45'),
(811, 80, 25, 1, '2013-04-27 14:46:45', '2013-04-27 14:46:45'),
(812, 80, 17, 0, '2013-04-27 14:46:45', '2013-04-27 14:46:45'),
(813, 80, 15, 1, '2013-04-27 14:46:45', '2013-04-27 14:46:45'),
(814, 80, 23, 1, '2013-04-27 14:46:45', '2013-04-27 14:46:45'),
(815, 80, 31, 0, '2013-04-27 15:48:32', '2013-04-27 15:48:32'),
(816, 80, 42, 1, '2013-04-28 07:34:34', '2013-04-28 07:34:34'),
(817, 80, 36, 1, '2013-04-28 08:11:21', '2013-04-28 08:11:21'),
(818, 81, 14, 1, '2013-05-04 06:05:52', '2013-05-04 06:05:52'),
(819, 81, 16, 0, '2013-05-04 06:05:52', '2013-05-04 06:05:52'),
(820, 81, 20, 1, '2013-05-04 06:05:52', '2013-05-04 06:05:52'),
(821, 81, 21, 1, '2013-05-04 06:05:52', '2013-05-04 06:05:52'),
(822, 81, 22, 1, '2013-05-04 06:05:52', '2013-05-04 06:05:52'),
(823, 81, 24, 1, '2013-05-04 06:05:52', '2013-05-04 06:05:52'),
(824, 81, 25, 1, '2013-05-04 06:05:52', '2013-05-04 06:05:52'),
(825, 81, 17, 0, '2013-05-04 06:05:52', '2013-05-04 06:05:52'),
(826, 81, 15, 1, '2013-05-04 06:05:52', '2013-05-04 06:05:52'),
(827, 81, 23, 1, '2013-05-04 06:05:52', '2013-05-04 06:05:52'),
(828, 81, 31, 1, '2013-05-04 07:39:10', '2013-05-04 07:39:10'),
(829, 81, 36, 0, '2013-05-05 05:40:15', '2013-05-05 05:40:15'),
(830, 81, 45, 1, '2013-05-05 10:10:01', '2013-05-05 10:10:01'),
(831, 82, 14, 0, '2013-05-11 06:00:43', '2013-05-11 06:00:43'),
(832, 82, 16, 0, '2013-05-11 06:00:43', '2013-05-11 06:00:43'),
(833, 82, 19, 1, '2013-05-11 06:00:43', '2013-05-11 06:00:43'),
(834, 82, 20, 1, '2013-05-11 06:00:43', '2013-05-11 06:00:43'),
(835, 82, 21, 1, '2013-05-11 06:00:43', '2013-05-11 06:00:43'),
(836, 82, 22, 0, '2013-05-11 06:00:43', '2013-05-11 06:00:43'),
(837, 82, 24, 1, '2013-05-11 06:00:43', '2013-05-11 06:00:43'),
(838, 82, 25, 1, '2013-05-11 06:00:43', '2013-05-11 06:00:43'),
(839, 82, 17, 0, '2013-05-11 06:00:43', '2013-05-11 06:00:43'),
(840, 82, 15, 1, '2013-05-11 06:00:43', '2013-05-11 06:00:43'),
(841, 82, 23, 1, '2013-05-11 06:53:11', '2013-05-11 06:53:11'),
(842, 82, 31, 1, '2013-05-11 06:53:11', '2013-05-11 06:53:11'),
(843, 82, 36, 1, '2013-05-12 07:01:51', '2013-05-12 07:01:51'),
(844, 82, 47, 1, '2013-05-12 10:47:42', '2013-05-12 10:47:42'),
(845, 83, 14, 0, '2013-05-18 07:52:18', '2013-05-18 07:52:18'),
(846, 83, 16, 1, '2013-05-18 07:52:18', '2013-05-18 07:52:18'),
(847, 83, 19, 1, '2013-05-18 07:52:18', '2013-05-18 07:52:18'),
(848, 83, 20, 1, '2013-05-18 07:52:18', '2013-05-18 07:52:18'),
(849, 83, 21, 0, '2013-05-18 07:52:18', '2013-05-18 07:52:18'),
(850, 83, 22, 1, '2013-05-18 07:52:18', '2013-05-18 07:52:18'),
(851, 83, 24, 1, '2013-05-18 07:52:18', '2013-05-18 07:52:18'),
(852, 83, 25, 1, '2013-05-18 07:52:18', '2013-05-18 07:52:18'),
(853, 83, 17, 0, '2013-05-18 07:52:18', '2013-05-18 07:52:18'),
(854, 83, 15, 1, '2013-05-18 07:52:18', '2013-05-18 07:52:18'),
(855, 83, 23, 0, '2013-05-18 15:37:24', '2013-05-18 15:37:24'),
(856, 83, 31, 0, '2013-05-18 15:37:24', '2013-05-18 15:37:24'),
(857, 83, 36, 0, '2013-05-18 20:19:25', '2013-05-18 20:19:25'),
(858, 83, 47, 1, '2013-05-19 07:20:29', '2013-05-19 07:20:29'),
(859, 83, 48, 1, '2013-05-19 07:20:29', '2013-05-19 07:20:29'),
(860, 83, 49, 1, '2013-05-19 07:23:47', '2013-05-19 07:23:47'),
(861, 84, 14, 1, '2013-05-31 15:41:21', '2013-05-31 15:41:21'),
(862, 84, 16, 1, '2013-05-31 15:41:21', '2013-05-31 15:41:21'),
(863, 84, 20, 1, '2013-05-31 15:41:21', '2013-05-31 15:41:21'),
(864, 84, 21, 1, '2013-05-31 15:41:21', '2013-05-31 15:41:21'),
(865, 84, 24, 1, '2013-05-31 15:41:21', '2013-05-31 15:41:21'),
(866, 84, 17, 0, '2013-05-31 15:41:21', '2013-05-31 15:41:21'),
(867, 84, 15, 1, '2013-05-31 15:41:21', '2013-05-31 15:41:21'),
(868, 84, 23, 1, '2013-05-31 15:41:21', '2013-05-31 15:41:21'),
(869, 84, 31, 1, '2013-05-31 15:41:21', '2013-05-31 15:41:21'),
(870, 84, 36, 0, '2013-05-31 15:41:21', '2013-05-31 15:41:21'),
(871, 84, 38, 1, '2013-06-01 15:15:33', '2013-06-01 15:15:33'),
(872, 84, 50, 1, '2013-06-02 05:56:42', '2013-06-02 05:56:42'),
(873, 85, 14, 1, '2013-06-08 15:00:21', '2013-06-08 15:00:21'),
(874, 85, 19, 1, '2013-06-08 15:00:21', '2013-06-08 15:00:21'),
(875, 85, 20, 1, '2013-06-08 15:00:21', '2013-06-08 15:00:21'),
(876, 85, 21, 1, '2013-06-08 15:00:21', '2013-06-08 15:00:21'),
(877, 85, 22, 1, '2013-06-08 15:00:21', '2013-06-08 15:00:21'),
(878, 85, 24, 1, '2013-06-08 15:00:21', '2013-06-08 15:00:21'),
(879, 85, 15, 1, '2013-06-08 15:00:21', '2013-06-08 15:00:21'),
(880, 85, 23, 1, '2013-06-08 15:00:21', '2013-06-08 15:00:21'),
(881, 85, 31, 1, '2013-06-08 15:00:21', '2013-06-08 15:00:21'),
(882, 85, 48, 1, '2013-06-08 15:00:21', '2013-06-08 15:00:21'),
(883, 86, 14, 1, '2013-06-14 15:38:15', '2013-06-14 15:38:15'),
(884, 86, 16, 0, '2013-06-14 15:38:15', '2013-06-14 15:38:15'),
(885, 86, 19, 1, '2013-06-14 15:38:15', '2013-06-14 15:38:15'),
(886, 86, 20, 1, '2013-06-14 15:38:15', '2013-06-14 15:38:15'),
(887, 86, 21, 1, '2013-06-14 15:38:15', '2013-06-14 15:38:15'),
(888, 86, 22, 1, '2013-06-14 15:38:15', '2013-06-14 15:38:15'),
(889, 86, 24, 1, '2013-06-14 15:38:15', '2013-06-14 15:38:15'),
(890, 86, 17, 0, '2013-06-14 15:38:15', '2013-06-14 15:38:15'),
(891, 86, 15, 1, '2013-06-14 15:38:15', '2013-06-14 15:38:15'),
(892, 86, 23, 1, '2013-06-14 15:38:15', '2013-06-14 15:38:15'),
(893, 86, 31, 1, '2013-06-14 15:39:49', '2013-06-14 15:39:49'),
(894, 86, 30, 1, '2013-06-16 08:16:30', '2013-06-16 08:16:30'),
(895, 87, 14, 1, '2013-06-21 07:46:58', '2013-06-21 07:46:58'),
(896, 87, 16, 1, '2013-06-21 07:46:58', '2013-06-21 07:46:58'),
(897, 87, 19, 1, '2013-06-21 07:46:58', '2013-06-21 07:46:58'),
(898, 87, 20, 1, '2013-06-21 07:46:58', '2013-06-21 07:46:58'),
(899, 87, 21, 1, '2013-06-21 07:46:58', '2013-06-21 07:46:58'),
(900, 87, 22, 0, '2013-06-21 07:46:58', '2013-06-21 07:46:58'),
(901, 87, 24, 1, '2013-06-21 07:46:58', '2013-06-21 07:46:58'),
(902, 87, 17, 1, '2013-06-21 07:46:58', '2013-06-21 07:46:58'),
(903, 87, 15, 1, '2013-06-21 07:46:58', '2013-06-21 07:46:58'),
(904, 87, 23, 1, '2013-06-21 07:46:58', '2013-06-21 07:46:58'),
(905, 87, 31, 1, '2013-06-22 21:56:16', '2013-06-22 21:56:16'),
(906, 88, 14, 1, '2013-06-29 11:59:24', '2013-06-29 11:59:24'),
(907, 88, 16, 1, '2013-06-29 11:59:24', '2013-06-29 11:59:24'),
(908, 88, 19, 1, '2013-06-29 11:59:24', '2013-06-29 11:59:24'),
(909, 88, 20, 1, '2013-06-29 11:59:24', '2013-06-29 11:59:24'),
(910, 88, 21, 1, '2013-06-29 11:59:24', '2013-06-29 11:59:24');
INSERT INTO `invites` (`id`, `game_id`, `player_id`, `available`, `created`, `modified`) VALUES
(911, 88, 22, 1, '2013-06-29 11:59:24', '2013-06-29 11:59:24'),
(912, 88, 24, 1, '2013-06-29 11:59:24', '2013-06-29 11:59:24'),
(913, 88, 17, 1, '2013-06-29 11:59:24', '2013-06-29 11:59:24'),
(914, 88, 15, 1, '2013-06-29 11:59:24', '2013-06-29 11:59:24'),
(915, 88, 23, 1, '2013-06-29 11:59:24', '2013-06-29 11:59:24'),
(916, 89, 14, 1, '2013-07-05 11:15:46', '2013-07-05 11:15:46'),
(917, 89, 16, 1, '2013-07-05 11:15:46', '2013-07-05 11:15:46'),
(918, 89, 18, 1, '2013-07-05 11:15:46', '2013-07-05 11:15:46'),
(919, 89, 19, 1, '2013-07-05 11:15:46', '2013-07-05 11:15:46'),
(920, 89, 21, 0, '2013-07-05 11:15:46', '2013-07-05 11:15:46'),
(921, 89, 22, 1, '2013-07-05 11:15:46', '2013-07-05 11:15:46'),
(922, 89, 24, 1, '2013-07-05 11:15:46', '2013-07-05 11:15:46'),
(923, 89, 25, 1, '2013-07-05 11:15:46', '2013-07-05 11:15:46'),
(924, 89, 17, 0, '2013-07-05 11:15:46', '2013-07-05 11:15:46'),
(925, 89, 15, 1, '2013-07-05 11:15:46', '2013-07-05 11:15:46'),
(926, 89, 31, 1, '2013-07-05 11:50:59', '2013-07-05 11:50:59'),
(927, 89, 23, 1, '2013-07-06 19:11:36', '2013-07-06 19:11:36'),
(928, 90, 14, 1, '2013-07-13 12:54:59', '2013-07-13 12:54:59'),
(929, 90, 16, 0, '2013-07-13 12:54:59', '2013-07-13 12:54:59'),
(930, 90, 18, 1, '2013-07-13 12:54:59', '2013-07-13 12:54:59'),
(931, 90, 19, 0, '2013-07-13 12:54:59', '2013-07-13 12:54:59'),
(932, 90, 20, 1, '2013-07-13 12:54:59', '2013-07-13 12:54:59'),
(933, 90, 21, 0, '2013-07-13 12:54:59', '2013-07-13 12:54:59'),
(934, 90, 22, 1, '2013-07-13 12:54:59', '2013-07-13 12:54:59'),
(935, 90, 25, 1, '2013-07-13 12:54:59', '2013-07-13 12:54:59'),
(936, 90, 17, 0, '2013-07-13 12:54:59', '2013-07-13 12:54:59'),
(937, 90, 15, 1, '2013-07-13 12:54:59', '2013-07-13 12:54:59'),
(938, 90, 23, 1, '2013-07-13 13:06:16', '2013-07-13 13:06:16'),
(939, 90, 31, 1, '2013-07-13 15:54:52', '2013-07-13 15:54:52'),
(940, 90, 30, 1, '2013-07-14 06:21:24', '2013-07-14 06:21:24'),
(941, 90, 36, 0, '2013-07-14 09:10:19', '2013-07-14 09:10:19'),
(942, 90, 42, 1, '2013-07-14 10:17:16', '2013-07-14 10:17:16'),
(943, 91, 14, 1, '2013-07-20 06:57:41', '2013-07-20 06:57:41'),
(944, 91, 16, 0, '2013-07-20 06:57:41', '2013-07-20 06:57:41'),
(945, 91, 18, 1, '2013-07-20 06:57:41', '2013-07-20 06:57:41'),
(946, 91, 19, 1, '2013-07-20 06:57:41', '2013-07-20 06:57:41'),
(947, 91, 20, 1, '2013-07-20 06:57:41', '2013-07-20 06:57:41'),
(948, 91, 21, 0, '2013-07-20 06:57:41', '2013-07-20 06:57:41'),
(949, 91, 22, 0, '2013-07-20 06:57:41', '2013-07-20 06:57:41'),
(950, 91, 25, 0, '2013-07-20 06:57:41', '2013-07-20 06:57:41'),
(951, 91, 17, 1, '2013-07-20 06:57:41', '2013-07-20 06:57:41'),
(952, 91, 15, 1, '2013-07-20 06:57:41', '2013-07-20 06:57:41'),
(953, 91, 23, 1, '2013-07-20 07:00:26', '2013-07-20 07:00:26'),
(954, 91, 31, 1, '2013-07-20 07:00:26', '2013-07-20 07:00:26'),
(955, 91, 35, 1, '2013-07-21 09:15:20', '2013-07-21 09:15:20'),
(956, 91, 36, 1, '2013-07-21 09:26:26', '2013-07-21 09:26:26'),
(957, 92, 14, 1, '2013-07-27 08:02:20', '2013-07-27 08:02:20'),
(958, 92, 16, 1, '2013-07-27 08:02:21', '2013-07-27 08:02:21'),
(959, 92, 19, 1, '2013-07-27 08:02:21', '2013-07-27 08:02:21'),
(960, 92, 20, 1, '2013-07-27 08:02:21', '2013-07-27 08:02:21'),
(961, 92, 21, 1, '2013-07-27 08:02:21', '2013-07-27 08:02:21'),
(963, 92, 25, 0, '2013-07-27 08:02:21', '2013-07-27 08:02:21'),
(964, 92, 17, 1, '2013-07-27 08:02:21', '2013-07-27 08:02:21'),
(965, 92, 15, 1, '2013-07-27 08:02:21', '2013-07-27 08:02:21'),
(966, 92, 23, 1, '2013-07-27 08:02:21', '2013-07-27 08:02:21'),
(967, 92, 31, 0, '2013-07-27 08:04:18', '2013-07-27 08:04:18'),
(968, 92, 30, 0, '2013-07-28 07:16:36', '2013-07-28 07:16:36'),
(969, 92, 36, 1, '2013-07-28 07:16:36', '2013-07-28 07:16:36'),
(970, 92, 51, 1, '2013-07-28 09:00:53', '2013-07-28 09:00:53'),
(971, 93, 14, 1, '2013-08-03 10:44:36', '2013-08-03 10:44:36'),
(972, 93, 16, 1, '2013-08-03 10:44:36', '2013-08-03 10:44:36'),
(973, 93, 18, 1, '2013-08-03 10:44:36', '2013-08-03 10:44:36'),
(974, 93, 19, 1, '2013-08-03 10:44:36', '2013-08-03 10:44:36'),
(975, 93, 20, 1, '2013-08-03 10:44:36', '2013-08-03 10:44:36'),
(976, 93, 21, 1, '2013-08-03 10:44:36', '2013-08-03 10:44:36'),
(977, 93, 22, 1, '2013-08-03 10:44:36', '2013-08-03 10:44:36'),
(978, 93, 25, 0, '2013-08-03 10:44:36', '2013-08-03 10:44:36'),
(979, 93, 17, 0, '2013-08-03 10:44:36', '2013-08-03 10:44:36'),
(980, 93, 15, 1, '2013-08-03 10:44:36', '2013-08-03 10:44:36'),
(981, 93, 23, 0, '2013-08-03 13:04:17', '2013-08-03 13:04:17'),
(982, 93, 31, 0, '2013-08-03 13:04:17', '2013-08-03 13:04:17'),
(983, 93, 30, 1, '2013-08-04 06:53:54', '2013-08-04 06:53:54'),
(984, 93, 36, 0, '2013-08-04 06:54:17', '2013-08-04 06:54:17'),
(985, 93, 51, 0, '2013-08-04 07:00:04', '2013-08-04 07:00:04'),
(986, 93, 50, 1, '2013-08-04 09:45:46', '2013-08-04 09:45:46'),
(987, 94, 14, 0, '2013-08-10 08:15:31', '2013-08-10 08:15:31'),
(988, 94, 16, 1, '2013-08-10 08:15:31', '2013-08-10 08:15:31'),
(989, 94, 18, 1, '2013-08-10 08:15:31', '2013-08-10 08:15:31'),
(990, 94, 19, 1, '2013-08-10 08:15:31', '2013-08-10 08:15:31'),
(991, 94, 20, 1, '2013-08-10 08:15:31', '2013-08-10 08:15:31'),
(992, 94, 21, 1, '2013-08-10 08:15:31', '2013-08-10 08:15:31'),
(993, 94, 22, 1, '2013-08-10 08:15:31', '2013-08-10 08:15:31'),
(994, 94, 24, 1, '2013-08-10 08:15:31', '2013-08-10 08:15:31'),
(995, 94, 25, 1, '2013-08-10 08:15:31', '2013-08-10 08:15:31'),
(996, 94, 17, 1, '2013-08-10 08:15:31', '2013-08-10 08:15:31'),
(997, 94, 15, 1, '2013-08-11 08:53:26', '2013-08-11 08:53:26'),
(998, 95, 14, 0, '2013-08-16 07:20:17', '2013-08-16 07:20:17'),
(999, 95, 16, 0, '2013-08-16 07:20:17', '2013-08-16 07:20:17'),
(1000, 95, 18, 1, '2013-08-16 07:20:17', '2013-08-16 07:20:17'),
(1001, 95, 19, 1, '2013-08-16 07:20:17', '2013-08-16 07:20:17'),
(1002, 95, 20, 1, '2013-08-16 07:20:17', '2013-08-16 07:20:17'),
(1003, 95, 21, 1, '2013-08-16 07:20:17', '2013-08-16 07:20:17'),
(1004, 95, 22, 0, '2013-08-16 07:20:17', '2013-08-16 07:20:17'),
(1005, 95, 24, 0, '2013-08-16 07:20:17', '2013-08-16 07:20:17'),
(1006, 95, 25, 0, '2013-08-16 07:20:17', '2013-08-16 07:20:17'),
(1007, 95, 17, 0, '2013-08-16 07:20:17', '2013-08-16 07:20:17'),
(1008, 95, 15, 1, '2013-08-16 08:40:35', '2013-08-16 08:40:35'),
(1009, 95, 23, 1, '2013-08-16 08:40:35', '2013-08-16 08:40:35'),
(1010, 95, 30, 0, '2013-08-16 20:58:38', '2013-08-16 20:58:38'),
(1011, 95, 31, 1, '2013-08-16 20:58:38', '2013-08-16 20:58:38'),
(1012, 95, 36, 1, '2013-08-17 15:04:05', '2013-08-17 15:04:05'),
(1013, 95, 50, 1, '2013-08-18 06:50:30', '2013-08-18 06:50:30'),
(1014, 95, 51, 1, '2013-08-18 06:50:30', '2013-08-18 06:50:30'),
(1015, 96, 14, 0, '2013-08-23 11:38:53', '2013-08-23 11:38:53'),
(1016, 96, 18, 1, '2013-08-23 11:38:53', '2013-08-23 11:38:53'),
(1017, 96, 19, 1, '2013-08-23 11:38:53', '2013-08-23 11:38:53'),
(1018, 96, 20, 1, '2013-08-23 11:38:53', '2013-08-23 11:38:53'),
(1019, 96, 22, 1, '2013-08-23 11:38:53', '2013-08-23 11:38:53'),
(1020, 96, 25, 1, '2013-08-23 11:38:53', '2013-08-23 11:38:53'),
(1021, 96, 17, 0, '2013-08-23 11:38:53', '2013-08-23 11:38:53'),
(1022, 96, 15, 1, '2013-08-23 11:38:53', '2013-08-23 11:38:53'),
(1023, 96, 23, 1, '2013-08-23 11:38:53', '2013-08-23 11:38:53'),
(1024, 96, 31, 0, '2013-08-23 11:38:53', '2013-08-23 11:38:53'),
(1025, 96, 30, 0, '2013-08-24 21:34:04', '2013-08-24 21:34:04'),
(1026, 96, 36, 1, '2013-08-25 09:57:58', '2013-08-25 09:57:58'),
(1027, 96, 21, 1, '2013-08-25 11:02:10', '2013-08-25 11:02:10'),
(1028, 96, 52, 1, '2013-08-25 11:27:37', '2013-08-25 11:27:37'),
(1029, 97, 14, 1, '2013-08-31 08:15:19', '2013-08-31 08:15:19'),
(1030, 97, 16, 1, '2013-08-31 08:15:19', '2013-08-31 08:15:19'),
(1031, 97, 18, 1, '2013-08-31 08:15:19', '2013-08-31 08:15:19'),
(1032, 97, 19, 1, '2013-08-31 08:15:19', '2013-08-31 08:15:19'),
(1033, 97, 20, 1, '2013-08-31 08:15:19', '2013-08-31 08:15:19'),
(1034, 97, 21, 1, '2013-08-31 08:15:19', '2013-08-31 08:15:19'),
(1035, 97, 22, 0, '2013-08-31 08:15:19', '2013-08-31 08:15:19'),
(1036, 97, 24, 1, '2013-08-31 08:15:19', '2013-08-31 08:15:19'),
(1037, 97, 25, 1, '2013-08-31 08:15:19', '2013-08-31 08:15:19'),
(1038, 97, 17, 0, '2013-08-31 08:15:19', '2013-08-31 08:15:19'),
(1039, 97, 15, 1, '2013-08-31 21:04:34', '2013-08-31 21:04:34'),
(1040, 97, 23, 0, '2013-08-31 21:04:34', '2013-08-31 21:04:34'),
(1041, 97, 31, 1, '2013-09-01 09:16:59', '2013-09-01 09:16:59'),
(1042, 98, 14, 1, '2013-09-06 15:12:45', '2013-09-06 15:12:45'),
(1043, 98, 16, 0, '2013-09-06 15:12:45', '2013-09-06 15:12:45'),
(1044, 98, 18, 1, '2013-09-06 15:12:45', '2013-09-06 15:12:45'),
(1045, 98, 19, 0, '2013-09-06 15:12:45', '2013-09-06 15:12:45'),
(1046, 98, 20, 1, '2013-09-06 15:12:45', '2013-09-06 15:12:45'),
(1047, 98, 21, 1, '2013-09-06 15:12:45', '2013-09-06 15:12:45'),
(1048, 98, 22, 1, '2013-09-06 15:12:45', '2013-09-06 15:12:45'),
(1049, 98, 24, 0, '2013-09-06 15:12:45', '2013-09-06 15:12:45'),
(1050, 98, 25, 1, '2013-09-06 15:12:45', '2013-09-06 15:12:45'),
(1051, 98, 17, 1, '2013-09-06 15:12:45', '2013-09-06 15:12:45'),
(1052, 98, 15, 1, '2013-09-07 07:47:27', '2013-09-07 07:47:27'),
(1053, 98, 23, 1, '2013-09-07 07:47:27', '2013-09-07 07:47:27'),
(1054, 98, 31, 1, '2013-09-08 06:43:55', '2013-09-08 06:43:55'),
(1055, 99, 14, 1, '2013-09-14 08:02:15', '2013-09-14 08:02:15'),
(1056, 99, 16, 1, '2013-09-14 08:02:15', '2013-09-14 08:02:15'),
(1057, 99, 18, 1, '2013-09-14 08:02:15', '2013-09-14 08:02:15'),
(1058, 99, 19, 1, '2013-09-14 08:02:15', '2013-09-14 08:02:15'),
(1059, 99, 20, 1, '2013-09-14 08:02:15', '2013-09-14 08:02:15'),
(1060, 99, 22, 1, '2013-09-14 08:02:15', '2013-09-14 08:02:15'),
(1061, 99, 25, 1, '2013-09-14 08:02:15', '2013-09-14 08:02:15'),
(1062, 99, 17, 0, '2013-09-14 08:02:15', '2013-09-14 08:02:15'),
(1063, 99, 15, 1, '2013-09-14 08:02:15', '2013-09-14 08:02:15'),
(1064, 99, 23, 1, '2013-09-14 08:02:15', '2013-09-14 08:02:15'),
(1065, 99, 31, 1, '2013-09-14 18:13:41', '2013-09-14 18:13:41'),
(1066, 100, 14, 1, '2013-09-21 08:04:41', '2013-09-21 08:04:41'),
(1067, 100, 16, 0, '2013-09-21 08:04:41', '2013-09-21 08:04:41'),
(1068, 100, 18, 1, '2013-09-21 08:04:41', '2013-09-21 08:04:41'),
(1069, 100, 19, 1, '2013-09-21 08:04:41', '2013-09-21 08:04:41'),
(1070, 100, 20, 1, '2013-09-21 08:04:41', '2013-09-21 08:04:41'),
(1071, 100, 21, 0, '2013-09-21 08:04:41', '2013-09-21 08:04:41'),
(1072, 100, 24, 1, '2013-09-21 08:04:41', '2013-09-21 08:04:41'),
(1073, 100, 25, 1, '2013-09-21 08:04:41', '2013-09-21 08:04:41'),
(1074, 100, 17, 0, '2013-09-21 08:04:41', '2013-09-21 08:04:41'),
(1075, 100, 15, 1, '2013-09-21 08:04:41', '2013-09-21 08:04:41'),
(1076, 100, 23, 1, '2013-09-21 11:33:50', '2013-09-21 11:33:50'),
(1077, 100, 31, 1, '2013-09-21 11:33:50', '2013-09-21 11:33:50'),
(1078, 100, 42, 1, '2013-09-21 11:33:50', '2013-09-21 11:33:50'),
(1079, 101, 14, 1, '2013-09-28 09:05:14', '2013-09-28 09:05:14'),
(1080, 101, 16, 1, '2013-09-28 09:05:14', '2013-09-28 09:05:14'),
(1081, 101, 18, 1, '2013-09-28 09:05:14', '2013-09-28 09:05:14'),
(1082, 101, 19, 1, '2013-09-28 09:05:14', '2013-09-28 09:05:14'),
(1083, 101, 20, 1, '2013-09-28 09:05:14', '2013-09-28 09:05:14'),
(1084, 101, 21, 1, '2013-09-28 09:05:14', '2013-09-28 09:05:14'),
(1085, 101, 22, 1, '2013-09-28 09:05:14', '2013-09-28 09:05:14'),
(1086, 101, 25, 1, '2013-09-28 09:05:14', '2013-09-28 09:05:14'),
(1087, 101, 17, 1, '2013-09-28 09:05:14', '2013-09-28 09:05:14'),
(1088, 101, 15, 1, '2013-09-28 09:05:14', '2013-09-28 09:05:14'),
(1089, 101, 23, 0, '2013-09-28 09:05:14', '2013-09-28 09:05:14'),
(1090, 101, 31, 0, '2013-09-28 09:05:14', '2013-09-28 09:05:14'),
(1091, 101, 30, 0, '2013-09-28 09:05:14', '2013-09-28 09:05:14'),
(1092, 101, 42, 0, '2013-09-28 09:05:14', '2013-09-28 09:05:14'),
(1093, 102, 14, 1, '2013-10-04 21:13:28', '2013-10-04 21:13:28'),
(1094, 102, 16, 0, '2013-10-04 21:13:28', '2013-10-04 21:13:28'),
(1095, 102, 18, 1, '2013-10-04 21:13:28', '2013-10-04 21:13:28'),
(1096, 102, 19, 0, '2013-10-04 21:13:28', '2013-10-04 21:13:28'),
(1097, 102, 20, 1, '2013-10-04 21:13:28', '2013-10-04 21:13:28'),
(1098, 102, 21, 1, '2013-10-04 21:13:28', '2013-10-04 21:13:28'),
(1099, 102, 22, 1, '2013-10-04 21:13:28', '2013-10-04 21:13:28'),
(1100, 102, 25, 1, '2013-10-04 21:13:28', '2013-10-04 21:13:28'),
(1101, 102, 17, 0, '2013-10-04 21:13:28', '2013-10-04 21:13:28'),
(1102, 102, 15, 1, '2013-10-04 21:13:28', '2013-10-04 21:13:28'),
(1103, 102, 23, 1, '2013-10-05 09:38:58', '2013-10-05 09:38:58'),
(1104, 102, 31, 1, '2013-10-05 09:38:58', '2013-10-05 09:38:58'),
(1105, 102, 42, 1, '2013-10-05 11:35:29', '2013-10-05 11:35:29'),
(1106, 103, 14, 1, '2013-10-12 11:40:20', '2013-10-12 11:40:20'),
(1107, 103, 16, 1, '2013-10-12 11:40:20', '2013-10-12 11:40:20'),
(1108, 103, 18, 1, '2013-10-12 11:40:20', '2013-10-12 11:40:20'),
(1109, 103, 20, 1, '2013-10-12 11:40:20', '2013-10-12 11:40:20'),
(1110, 103, 21, 1, '2013-10-12 11:40:20', '2013-10-12 11:40:20'),
(1111, 103, 22, 0, '2013-10-12 11:40:20', '2013-10-12 11:40:20'),
(1112, 103, 24, 1, '2013-10-12 11:40:20', '2013-10-12 11:40:20'),
(1113, 103, 25, 0, '2013-10-12 11:40:20', '2013-10-12 11:40:20'),
(1114, 103, 17, 0, '2013-10-12 11:40:20', '2013-10-12 11:40:20'),
(1115, 103, 15, 1, '2013-10-12 11:40:20', '2013-10-12 11:40:20'),
(1116, 103, 23, 0, '2013-10-12 14:24:08', '2013-10-12 14:24:08'),
(1117, 103, 31, 1, '2013-10-12 14:24:08', '2013-10-12 14:24:08'),
(1118, 103, 42, 1, '2013-10-12 15:51:42', '2013-10-12 15:51:42'),
(1120, 103, 30, 0, '2013-10-13 09:01:41', '2013-10-13 09:01:41'),
(1121, 103, 50, 1, '2013-10-13 10:38:53', '2013-10-13 10:38:53'),
(1122, 104, 14, 1, '2013-10-19 09:40:05', '2013-10-19 09:40:05'),
(1123, 104, 16, 1, '2013-10-19 09:40:05', '2013-10-19 09:40:05'),
(1124, 104, 18, 1, '2013-10-19 09:40:05', '2013-10-19 09:40:05'),
(1125, 104, 19, 1, '2013-10-19 09:40:05', '2013-10-19 09:40:05'),
(1126, 104, 20, 1, '2013-10-19 09:40:05', '2013-10-19 09:40:05'),
(1127, 104, 21, 1, '2013-10-19 09:40:05', '2013-10-19 09:40:05'),
(1128, 104, 22, 0, '2013-10-19 09:40:05', '2013-10-19 09:40:05'),
(1129, 104, 17, 0, '2013-10-19 09:40:05', '2013-10-19 09:40:05'),
(1130, 104, 15, 1, '2013-10-19 09:40:05', '2013-10-19 09:40:05'),
(1131, 104, 23, 1, '2013-10-19 09:40:05', '2013-10-19 09:40:05'),
(1132, 104, 31, 0, '2013-10-19 11:54:07', '2013-10-19 11:54:07'),
(1133, 104, 42, 1, '2013-10-19 11:54:07', '2013-10-19 11:54:07'),
(1134, 104, 25, 1, '2013-10-19 13:03:53', '2013-10-19 13:03:53'),
(1135, 105, 14, 1, '2013-10-26 10:11:33', '2013-10-26 10:11:33'),
(1136, 105, 16, 0, '2013-10-26 10:11:33', '2013-10-26 10:11:33'),
(1137, 105, 18, 1, '2013-10-26 10:11:33', '2013-10-26 10:11:33'),
(1138, 105, 20, 1, '2013-10-26 10:11:33', '2013-10-26 10:11:33'),
(1139, 105, 22, 1, '2013-10-26 10:11:33', '2013-10-26 10:11:33'),
(1141, 105, 25, 1, '2013-10-26 10:11:33', '2013-10-26 10:11:33'),
(1142, 105, 17, 1, '2013-10-26 10:11:33', '2013-10-26 10:11:33'),
(1143, 105, 15, 1, '2013-10-26 10:11:33', '2013-10-26 10:11:33'),
(1144, 105, 23, 1, '2013-10-26 10:11:33', '2013-10-26 10:11:33'),
(1145, 105, 31, 1, '2013-10-26 10:13:28', '2013-10-26 10:13:28'),
(1146, 105, 42, 1, '2013-10-26 10:13:28', '2013-10-26 10:13:28');

-- --------------------------------------------------------

--
-- Table structure for table `players`
--

CREATE TABLE IF NOT EXISTS `players` (
  `id` int(11) unsigned NOT NULL AUTO_INCREMENT,
  `nome` text CHARACTER SET latin1 COLLATE latin1_spanish_ci NOT NULL,
  `email` text,
  `conv` int(11) NOT NULL,
  `presencas` int(11) NOT NULL,
  `ratingBase` int(3) NOT NULL DEFAULT '500',
  `rating` float NOT NULL,
  `ratingLouie` int(11) NOT NULL,
  `vitorias` int(11) NOT NULL,
  `vit_pre` float NOT NULL,
  `golos` int(11) NOT NULL,
  `golos_p_jogo` float NOT NULL,
  `assist` int(11) NOT NULL,
  `assist_p_jogo` float NOT NULL,
  `equipa_m` int(6) NOT NULL,
  `equipa_m_p_jogo` float NOT NULL,
  `equipa_s` int(6) NOT NULL,
  `equipa_s_p_jogo` float NOT NULL,
  `created` datetime NOT NULL,
  `modified` datetime NOT NULL,
  PRIMARY KEY (`id`)
) ENGINE=InnoDB  DEFAULT CHARSET=latin1 AUTO_INCREMENT=53 ;

--
-- Dumping data for table `players`
--

INSERT INTO `players` (`id`, `nome`, `email`, `conv`, `presencas`, `ratingBase`, `rating`, `ratingLouie`, `vitorias`, `vit_pre`, `golos`, `golos_p_jogo`, `assist`, `assist_p_jogo`, `equipa_m`, `equipa_m_p_jogo`, `equipa_s`, `equipa_s_p_jogo`, `created`, `modified`) VALUES
(14, 'Peej', 'pedrorodrigues@gmail.com', 1, 69, 500, 399, 366, 29, 0.42, 115, 1.67, 26, 0.74, 577, 8.36, 629, 9.12, '2012-02-24 01:46:18', '2013-10-29 21:25:15'),
(15, 'Andr', 'asgomes@gmail.com', 11, 79, 500, 550, 666, 47, 0.595, 164, 2.08, 51, 1.11, 707, 8.95, 643, 8.14, '2012-02-24 01:46:31', '2013-10-29 21:25:15'),
(16, 'Vitorino', 'joaovitorino@msn.com', 2, 47, 500, 624, 821, 30, 0.638, 137, 2.91, 44, 1.83, 451, 9.6, 383, 8.15, '2012-02-24 01:46:43', '2013-10-29 21:25:15'),
(17, 'Vazantes', 'vaz.joao@gmail.com', 10, 44, 500, 551, 657, 24, 0.545, 125, 2.84, 21, 1, 405, 9.2, 385, 8.75, '2012-02-24 01:46:58', '2013-10-29 21:25:15'),
(18, 'Ricardo', 'ricardobelo@gmail.com', 3, 58, 500, 438, 372, 28, 0.483, 88, 1.52, 27, 0.9, 479, 8.26, 523, 9.02, '2012-02-24 01:47:08', '2013-10-29 21:25:15'),
(19, 'Fresco', 'joaosantos@gmail.com', 4, 55, 500, 479, 389, 31, 0.564, 61, 1.11, 29, 0.85, 476, 8.65, 503, 9.15, '2012-02-24 01:47:21', '2013-10-29 21:25:15'),
(20, 'Far', 'mail@joaofarinha.eu', 5, 65, 500, 447, 523, 31, 0.477, 116, 1.78, 56, 1.24, 585, 9, 566, 8.71, '2012-02-24 01:47:37', '2013-10-29 21:25:15'),
(21, 'Barroso', 'pedbar@gmail.com', 6, 60, 500, 437, 416, 28, 0.467, 104, 1.73, 46, 1.44, 501, 8.35, 531, 8.85, '2012-02-24 01:47:45', '2013-10-29 21:25:15'),
(22, 'Anselmo', 'anselmomanel@hotmail.com', 7, 52, 500, 357, 385, 21, 0.404, 56, 1.08, 22, 0.73, 415, 7.98, 440, 8.46, '2012-02-24 01:48:03', '2013-10-29 21:25:15'),
(23, 'Bruno G.', 'bsmogues@hotmail.com', 12, 60, 500, 436, 521, 29, 0.483, 88, 1.47, 38, 1.06, 542, 9.03, 518, 8.63, '2012-02-24 01:48:21', '2013-10-29 21:25:15'),
(24, 'Nuno', 'nmldfrancisco@gmail.com', 8, 38, 500, 416, 466, 18, 0.474, 46, 1.21, 20, 0.95, 314, 8.26, 322, 8.47, '2012-02-24 01:48:32', '2013-10-29 21:25:15'),
(25, 'Louie', 'luismgpereira@gmail.com', 9, 59, 500, 405, 431, 27, 0.458, 72, 1.22, 30, 0.91, 507, 8.59, 507, 8.59, '2012-02-24 01:49:04', '2013-10-29 21:25:15'),
(28, 'Nuno A.', NULL, 16, 1, 500, 300, 0, 0, 0.4, 0, 0, 0, 0, 0, 0, 0, 0, '2012-02-24 01:49:53', '2013-10-29 21:25:15'),
(30, 'Afonso', 'afonso.lc@gmail.com', 15, 13, 500, 485, 608, 6, 0.462, 36, 2.77, 11, 2.2, 124, 9.54, 105, 8.08, '2012-02-24 01:50:15', '2013-10-29 21:25:15'),
(31, 'MDK', 'bruno.pires@gmail.com', 13, 45, 500, 403, 405, 20, 0.444, 63, 1.4, 22, 0.73, 367, 8.16, 402, 8.93, '2012-02-24 01:50:23', '2013-10-29 21:25:15'),
(32, 'Rui', 'rui_agapito@hotmail.com', 18, 2, 500, 575, 523, 2, 0.7, 2, 1, 0, 0, 18, 9, 15, 7.5, '2012-03-05 02:42:43', '2013-10-29 21:25:15'),
(33, 'Diogo (G.)', NULL, 20, 1, 500, 350, 280, 0, 0.4, 1, 1, 0, 0, 9, 9, 14, 14, '2012-04-08 00:00:00', '2013-10-29 21:25:15'),
(34, 'Lobo', 'luis.lobao@gmail.com', 21, 2, 500, 550, 529, 2, 0.7, 1, 0.5, 0, 0, 20, 10, 16, 8, '2012-04-13 17:04:32', '2013-10-29 21:25:15'),
(35, 'Roque', NULL, 22, 2, 500, 300, 418, 0, 0.3, 3, 1.5, 1, 1, 14, 7, 18, 9, '2012-04-29 09:37:33', '2013-10-29 21:25:15'),
(36, 'Jpj', 'joao.g.pereira89@gmail.com', 14, 18, 500, 478, 512, 9, 0.5, 37, 2.06, 12, 1, 162, 9, 167, 9.28, '2012-05-27 09:28:53', '2013-10-29 21:25:15'),
(37, 'Raul', 'raulferrao@gmail.com', 24, 4, 500, 400, 394, 2, 0.5, 2, 0.5, 0, 0, 26, 6.5, 34, 8.5, '2012-06-02 16:03:39', '2013-10-29 21:25:16'),
(38, 'Silveira', NULL, 25, 4, 500, 275, 436, 1, 0.3, 4, 1, 5, 2.5, 37, 9.25, 40, 10, '2012-06-10 11:34:26', '2013-10-29 21:25:16'),
(39, 'Colega', NULL, 26, 1, 500, 650, 592, 1, 0.6, 4, 4, 0, 0, 13, 13, 12, 12, '2012-06-24 09:41:07', '2013-10-29 21:25:16'),
(41, 'Gargalo', NULL, 27, 1, 500, 500, 525, 0, 0.4, 4, 4, 0, 0, 9, 9, 10, 10, '2012-07-22 10:28:07', '2013-10-29 21:25:16'),
(42, 'Ico', NULL, 23, 9, 750, 589, 632, 5, 0.556, 31, 3.44, 7, 0.88, 76, 8.44, 67, 7.44, '2012-07-29 09:16:46', '2013-10-29 21:25:16'),
(43, 'Rosario', NULL, 29, 1, 500, 450, 334, 0, 0.4, 3, 3, 0, 0, 7, 7, 12, 12, '2012-08-12 11:36:47', '2013-10-29 21:25:16'),
(44, 'Barata', NULL, 30, 1, 500, 350, 432, 0, 0.4, 1, 1, 0, 0, 7, 7, 8, 8, '2012-08-19 12:14:20', '2013-10-29 21:25:16'),
(45, 'Jlio', NULL, 31, 1, 500, 600, 676, 1, 0.6, 3, 3, 2, 2, 11, 11, 8, 8, '2012-10-14 09:15:17', '2013-10-29 21:25:16'),
(46, 'Gonalo', NULL, 32, 1, 500, 400, 169, 0, 0.4, 2, 2, 0, 0, 3, 3, 13, 13, '2012-12-23 09:45:44', '2013-10-29 21:25:16'),
(47, 'N. Gaspar', NULL, 33, 2, 500, 475, 609, 1, 0.5, 4, 2, 1, 0.5, 18, 9, 12, 6, '2013-05-12 10:47:09', '2013-10-29 21:25:16'),
(48, 'Far (Nuno)', NULL, 34, 2, 500, 475, 644, 1, 0.5, 4, 2, 3, 1.5, 18, 9, 12, 6, '2013-05-19 07:14:58', '2013-10-29 21:25:16'),
(49, 'P. Zagalo', NULL, 35, 1, 500, 700, 843, 1, 0.6, 5, 5, 1, 1, 12, 12, 5, 5, '2013-05-19 07:22:13', '2013-10-29 21:25:16'),
(50, 'Cabrita', NULL, 17, 4, 500, 613, 544, 3, 0.7, 7, 1.75, 11, 2.75, 41, 10.25, 36, 9, '2013-06-02 05:53:22', '2013-10-29 21:25:16'),
(51, 'Alex', 'anarcasadico@gmail.com', 40, 2, 500, 525, 486, 1, 0.5, 6, 3, 3, 1.5, 26, 13, 27, 13.5, '2013-07-28 08:58:51', '2013-10-29 21:25:16'),
(52, 'David Oliveira', NULL, 36, 1, 500, 600, 764, 1, 0.6, 3, 3, 0, 0, 13, 13, 7, 7, '2013-08-25 11:25:32', '2013-10-29 21:25:16');

-- --------------------------------------------------------

--
-- Table structure for table `players_teams`
--

CREATE TABLE IF NOT EXISTS `players_teams` (
  `id` int(11) NOT NULL AUTO_INCREMENT,
  `player_id` int(11) NOT NULL,
  `team_id` int(11) NOT NULL,
  PRIMARY KEY (`id`)
) ENGINE=InnoDB  DEFAULT CHARSET=latin1 AUTO_INCREMENT=912 ;

--
-- Dumping data for table `players_teams`
--

INSERT INTO `players_teams` (`id`, `player_id`, `team_id`) VALUES
(77, 14, 11),
(78, 18, 11),
(79, 19, 11),
(80, 23, 11),
(81, 32, 11),
(82, 15, 12),
(83, 20, 12),
(84, 21, 12),
(85, 22, 12),
(86, 25, 12),
(87, 14, 13),
(88, 16, 13),
(89, 19, 13),
(90, 20, 13),
(91, 23, 13),
(92, 15, 14),
(93, 18, 14),
(94, 21, 14),
(95, 22, 14),
(96, 25, 14),
(97, 15, 30),
(98, 16, 30),
(99, 17, 30),
(100, 20, 30),
(101, 22, 30),
(102, 14, 31),
(103, 18, 31),
(104, 19, 31),
(105, 25, 31),
(106, 30, 31),
(107, 15, 9),
(108, 21, 9),
(109, 22, 9),
(110, 28, 9),
(111, 30, 9),
(132, 15, 32),
(133, 21, 32),
(134, 20, 32),
(135, 16, 32),
(136, 19, 32),
(137, 22, 33),
(138, 30, 33),
(139, 17, 33),
(140, 23, 33),
(141, 14, 33),
(142, 21, 34),
(143, 16, 34),
(144, 18, 34),
(145, 19, 34),
(146, 14, 34),
(147, 20, 35),
(148, 22, 35),
(149, 24, 35),
(150, 17, 35),
(151, 25, 35),
(152, 21, 38),
(153, 20, 38),
(154, 22, 38),
(155, 14, 38),
(156, 25, 38),
(157, 15, 39),
(158, 16, 39),
(159, 18, 39),
(160, 19, 39),
(161, 24, 39),
(162, 15, 40),
(163, 20, 40),
(164, 31, 41),
(165, 23, 40),
(166, 14, 40),
(167, 21, 41),
(168, 16, 41),
(169, 33, 40),
(170, 17, 41),
(171, 25, 41),
(172, 16, 42),
(173, 18, 42),
(174, 17, 42),
(175, 24, 42),
(176, 22, 42),
(177, 21, 43),
(178, 15, 43),
(179, 34, 43),
(180, 19, 43),
(181, 14, 43),
(182, 21, 44),
(183, 18, 44),
(184, 20, 44),
(185, 19, 44),
(186, 22, 44),
(187, 16, 45),
(188, 15, 45),
(189, 17, 45),
(190, 14, 45),
(191, 25, 45),
(192, 17, 46),
(193, 34, 46),
(194, 18, 46),
(195, 19, 46),
(196, 14, 46),
(197, 15, 47),
(198, 35, 47),
(199, 25, 47),
(200, 23, 47),
(201, 22, 47),
(202, 16, 48),
(203, 17, 48),
(204, 19, 48),
(205, 24, 48),
(206, 23, 48),
(207, 21, 49),
(208, 15, 49),
(209, 18, 49),
(210, 14, 49),
(211, 22, 49),
(212, 21, 50),
(213, 18, 50),
(214, 14, 50),
(215, 25, 50),
(216, 24, 50),
(217, 15, 51),
(218, 16, 51),
(219, 20, 51),
(220, 22, 51),
(221, 23, 51),
(222, 17, 52),
(223, 30, 52),
(224, 19, 52),
(225, 14, 52),
(226, 23, 52),
(227, 21, 53),
(228, 16, 53),
(229, 18, 53),
(230, 36, 53),
(231, 25, 53),
(232, 15, 54),
(233, 31, 54),
(234, 22, 54),
(235, 18, 54),
(236, 14, 54),
(237, 36, 55),
(238, 21, 55),
(239, 37, 55),
(240, 19, 55),
(241, 17, 55),
(242, 21, 56),
(243, 15, 56),
(244, 38, 56),
(245, 31, 56),
(246, 14, 56),
(247, 36, 57),
(248, 16, 57),
(249, 17, 57),
(250, 23, 57),
(251, 24, 57),
(252, 15, 58),
(253, 21, 58),
(254, 37, 58),
(255, 19, 58),
(256, 25, 58),
(257, 36, 59),
(258, 17, 59),
(259, 23, 59),
(260, 14, 59),
(261, 24, 59),
(262, 21, 60),
(263, 18, 60),
(264, 39, 60),
(265, 31, 60),
(266, 14, 60),
(267, 15, 61),
(268, 17, 61),
(269, 23, 61),
(270, 25, 61),
(271, 24, 61),
(272, 16, 62),
(273, 18, 62),
(274, 20, 62),
(275, 14, 62),
(276, 23, 62),
(277, 21, 63),
(278, 15, 63),
(279, 31, 63),
(280, 25, 63),
(281, 24, 63),
(282, 16, 66),
(283, 15, 66),
(284, 31, 66),
(285, 23, 66),
(286, 14, 66),
(287, 21, 67),
(288, 37, 67),
(289, 18, 67),
(290, 41, 67),
(291, 22, 67),
(292, 16, 68),
(293, 18, 68),
(294, 23, 68),
(295, 14, 68),
(296, 22, 68),
(297, 15, 69),
(298, 21, 69),
(299, 31, 69),
(300, 42, 69),
(301, 24, 69),
(302, 15, 70),
(303, 21, 70),
(304, 18, 70),
(305, 14, 70),
(306, 24, 70),
(307, 16, 71),
(308, 31, 71),
(309, 17, 71),
(310, 25, 71),
(311, 22, 71),
(312, 15, 72),
(313, 17, 72),
(314, 43, 72),
(315, 20, 72),
(316, 14, 72),
(317, 16, 73),
(318, 21, 73),
(319, 18, 73),
(320, 23, 73),
(321, 25, 73),
(322, 21, 74),
(323, 15, 74),
(324, 18, 74),
(325, 32, 74),
(326, 31, 74),
(327, 36, 75),
(328, 16, 75),
(329, 44, 75),
(330, 23, 75),
(331, 14, 75),
(332, 21, 76),
(333, 17, 76),
(334, 20, 76),
(335, 23, 76),
(336, 25, 76),
(337, 15, 77),
(338, 30, 77),
(339, 38, 77),
(340, 14, 77),
(341, 24, 77),
(342, 31, 78),
(343, 19, 78),
(344, 17, 78),
(345, 24, 78),
(346, 23, 78),
(347, 15, 79),
(348, 18, 79),
(349, 14, 79),
(350, 25, 79),
(351, 22, 79),
(352, 15, 80),
(353, 18, 80),
(354, 24, 80),
(355, 14, 80),
(356, 25, 80),
(357, 21, 81),
(358, 19, 81),
(359, 17, 81),
(360, 20, 81),
(361, 22, 81),
(362, 16, 82),
(363, 31, 82),
(364, 17, 82),
(365, 24, 82),
(366, 23, 82),
(367, 15, 83),
(368, 21, 83),
(369, 18, 83),
(370, 14, 83),
(371, 25, 83),
(372, 15, 84),
(373, 19, 84),
(374, 23, 84),
(375, 14, 84),
(376, 20, 84),
(377, 31, 85),
(378, 21, 85),
(379, 18, 85),
(380, 25, 85),
(381, 22, 85),
(382, 36, 86),
(383, 21, 86),
(384, 19, 86),
(385, 23, 86),
(386, 20, 86),
(387, 16, 87),
(388, 15, 87),
(389, 18, 87),
(390, 14, 87),
(391, 25, 87),
(392, 16, 88),
(393, 18, 88),
(394, 19, 88),
(395, 14, 88),
(396, 20, 88),
(397, 15, 89),
(398, 31, 89),
(399, 21, 89),
(400, 17, 89),
(401, 25, 89),
(402, 30, 90),
(403, 19, 90),
(404, 14, 90),
(405, 23, 90),
(406, 25, 90),
(407, 15, 91),
(408, 18, 91),
(409, 17, 91),
(410, 20, 91),
(411, 22, 91),
(412, 16, 92),
(413, 31, 92),
(414, 14, 92),
(415, 23, 92),
(416, 25, 92),
(417, 15, 93),
(418, 30, 93),
(419, 19, 93),
(420, 20, 93),
(421, 22, 93),
(422, 15, 94),
(423, 17, 94),
(424, 20, 94),
(425, 24, 94),
(426, 23, 94),
(427, 16, 95),
(428, 18, 95),
(429, 31, 95),
(430, 14, 95),
(431, 25, 95),
(432, 30, 96),
(433, 17, 96),
(434, 20, 96),
(435, 19, 96),
(436, 22, 96),
(437, 15, 97),
(438, 18, 97),
(439, 24, 97),
(440, 14, 97),
(441, 25, 97),
(442, 15, 98),
(443, 21, 98),
(444, 20, 98),
(445, 14, 98),
(446, 23, 98),
(447, 16, 99),
(448, 17, 99),
(449, 19, 99),
(450, 31, 99),
(451, 22, 99),
(452, 15, 100),
(453, 19, 100),
(454, 20, 100),
(455, 17, 100),
(456, 25, 100),
(457, 16, 101),
(458, 18, 101),
(459, 21, 101),
(460, 14, 101),
(461, 22, 101),
(462, 16, 102),
(463, 20, 102),
(464, 14, 102),
(465, 31, 102),
(466, 23, 102),
(467, 15, 103),
(468, 18, 103),
(469, 21, 103),
(470, 19, 103),
(471, 25, 103),
(472, 15, 104),
(473, 21, 104),
(474, 17, 104),
(475, 23, 104),
(476, 22, 104),
(477, 18, 105),
(478, 19, 105),
(479, 20, 105),
(480, 14, 105),
(481, 25, 105),
(482, 15, 106),
(483, 17, 106),
(484, 20, 106),
(485, 14, 106),
(486, 23, 106),
(487, 21, 107),
(488, 24, 107),
(489, 46, 107),
(490, 37, 107),
(491, 31, 107),
(492, 18, 110),
(493, 21, 110),
(494, 19, 110),
(495, 23, 110),
(496, 22, 110),
(497, 15, 111),
(498, 17, 111),
(499, 20, 111),
(500, 14, 111),
(501, 25, 111),
(502, 17, 112),
(503, 20, 112),
(504, 42, 112),
(505, 19, 112),
(506, 22, 112),
(507, 15, 113),
(508, 36, 113),
(509, 30, 113),
(510, 31, 113),
(511, 25, 113),
(512, 36, 114),
(513, 17, 114),
(514, 21, 114),
(515, 23, 114),
(516, 25, 114),
(517, 15, 115),
(518, 18, 115),
(519, 20, 115),
(520, 31, 115),
(521, 22, 115),
(522, 15, 116),
(523, 18, 116),
(524, 19, 116),
(525, 14, 116),
(526, 31, 116),
(527, 16, 117),
(528, 17, 117),
(529, 20, 117),
(530, 23, 117),
(531, 25, 117),
(532, 15, 118),
(533, 20, 118),
(534, 23, 118),
(535, 25, 118),
(536, 31, 118),
(537, 21, 119),
(538, 18, 119),
(539, 24, 119),
(540, 19, 119),
(541, 22, 119),
(542, 36, 120),
(543, 30, 120),
(544, 18, 120),
(545, 20, 120),
(546, 25, 120),
(547, 16, 121),
(548, 15, 121),
(549, 19, 121),
(550, 23, 121),
(551, 31, 121),
(552, 16, 122),
(553, 18, 122),
(554, 19, 122),
(555, 31, 122),
(556, 25, 122),
(557, 15, 123),
(558, 21, 123),
(559, 20, 123),
(560, 23, 123),
(561, 22, 123),
(562, 15, 124),
(563, 17, 124),
(564, 20, 124),
(565, 31, 124),
(566, 22, 124),
(567, 36, 125),
(568, 18, 125),
(569, 23, 125),
(570, 19, 125),
(571, 25, 125),
(572, 16, 126),
(573, 24, 126),
(574, 20, 126),
(575, 14, 126),
(576, 31, 126),
(577, 15, 127),
(578, 17, 127),
(579, 18, 127),
(580, 23, 127),
(581, 25, 127),
(582, 20, 128),
(583, 18, 128),
(584, 14, 128),
(585, 19, 128),
(586, 23, 128),
(587, 15, 129),
(588, 17, 129),
(589, 24, 129),
(590, 22, 129),
(591, 25, 129),
(592, 15, 130),
(593, 21, 130),
(594, 24, 130),
(595, 14, 130),
(596, 19, 130),
(597, 16, 131),
(598, 17, 131),
(599, 20, 131),
(600, 18, 131),
(601, 22, 131),
(602, 15, 132),
(603, 21, 132),
(604, 24, 132),
(605, 23, 132),
(606, 31, 132),
(607, 16, 133),
(608, 36, 133),
(609, 20, 133),
(610, 14, 133),
(611, 25, 133),
(612, 15, 134),
(613, 24, 134),
(614, 23, 134),
(615, 19, 134),
(616, 22, 134),
(617, 21, 135),
(618, 20, 135),
(619, 18, 135),
(620, 14, 135),
(621, 25, 135),
(622, 17, 136),
(623, 21, 136),
(624, 20, 136),
(625, 24, 136),
(626, 22, 136),
(627, 16, 137),
(628, 15, 137),
(629, 14, 137),
(630, 19, 137),
(631, 25, 137),
(632, 15, 138),
(633, 14, 138),
(634, 19, 138),
(635, 22, 138),
(636, 31, 138),
(637, 36, 139),
(638, 20, 139),
(639, 23, 139),
(640, 38, 139),
(641, 25, 139),
(642, 16, 140),
(643, 21, 140),
(644, 14, 140),
(645, 23, 140),
(646, 22, 140),
(647, 15, 141),
(648, 42, 141),
(649, 36, 141),
(650, 20, 141),
(651, 25, 141),
(652, 45, 142),
(653, 20, 142),
(654, 24, 142),
(655, 23, 142),
(656, 31, 142),
(657, 15, 143),
(658, 21, 143),
(659, 14, 143),
(660, 22, 143),
(661, 25, 143),
(662, 36, 144),
(663, 47, 144),
(664, 24, 144),
(665, 23, 144),
(666, 31, 144),
(667, 15, 145),
(668, 20, 145),
(669, 21, 145),
(670, 19, 145),
(671, 25, 145),
(672, 16, 146),
(673, 20, 146),
(674, 24, 146),
(675, 19, 146),
(676, 22, 146),
(677, 48, 147),
(678, 15, 147),
(679, 49, 147),
(680, 47, 147),
(681, 25, 147),
(682, 16, 148),
(683, 21, 148),
(684, 23, 148),
(685, 50, 148),
(686, 31, 148),
(687, 15, 149),
(688, 20, 149),
(689, 24, 149),
(690, 14, 149),
(691, 38, 149),
(692, 48, 150),
(693, 21, 150),
(694, 14, 150),
(695, 23, 150),
(696, 31, 150),
(697, 15, 151),
(698, 20, 151),
(699, 19, 151),
(700, 24, 151),
(701, 22, 151),
(702, 15, 152),
(703, 19, 152),
(704, 24, 152),
(705, 14, 152),
(706, 31, 152),
(707, 30, 153),
(708, 20, 153),
(709, 21, 153),
(710, 23, 153),
(711, 22, 153),
(712, 16, 154),
(713, 20, 154),
(714, 19, 154),
(715, 24, 154),
(716, 14, 154),
(717, 15, 155),
(718, 17, 155),
(719, 21, 155),
(720, 23, 155),
(721, 31, 155),
(722, 15, 156),
(723, 17, 156),
(724, 19, 156),
(725, 24, 156),
(726, 23, 156),
(727, 16, 157),
(728, 20, 157),
(729, 21, 157),
(730, 14, 157),
(731, 22, 157),
(732, 16, 158),
(733, 19, 158),
(734, 23, 158),
(735, 31, 158),
(736, 22, 158),
(737, 15, 159),
(738, 24, 159),
(739, 18, 159),
(740, 14, 159),
(741, 25, 159),
(742, 42, 160),
(743, 20, 160),
(744, 18, 160),
(745, 31, 160),
(746, 22, 160),
(747, 15, 161),
(748, 30, 161),
(749, 23, 161),
(750, 14, 161),
(751, 25, 161),
(752, 15, 162),
(753, 20, 162),
(754, 23, 162),
(755, 18, 163),
(756, 14, 163),
(757, 17, 163),
(758, 36, 163),
(759, 19, 163),
(760, 35, 162),
(761, 31, 162),
(762, 16, 164),
(763, 36, 164),
(764, 20, 164),
(765, 51, 164),
(766, 23, 164),
(767, 15, 165),
(768, 17, 165),
(769, 19, 165),
(770, 21, 165),
(771, 14, 165),
(772, 30, 166),
(773, 20, 166),
(774, 19, 166),
(775, 21, 166),
(776, 14, 166),
(777, 16, 167),
(778, 15, 167),
(779, 18, 167),
(780, 50, 167),
(781, 22, 167),
(782, 16, 168),
(783, 19, 168),
(784, 24, 168),
(785, 18, 168),
(786, 22, 168),
(787, 15, 169),
(788, 17, 169),
(789, 20, 169),
(790, 21, 169),
(791, 25, 169),
(792, 50, 170),
(793, 15, 170),
(794, 20, 170),
(795, 18, 170),
(796, 21, 170),
(797, 51, 171),
(798, 36, 171),
(799, 19, 171),
(800, 23, 171),
(801, 31, 171),
(802, 36, 172),
(803, 20, 172),
(804, 21, 172),
(805, 23, 172),
(806, 22, 172),
(807, 15, 173),
(808, 18, 173),
(809, 19, 173),
(810, 52, 173),
(811, 25, 173),
(812, 15, 174),
(813, 20, 174),
(814, 24, 174),
(815, 21, 174),
(816, 14, 174),
(817, 16, 175),
(818, 18, 175),
(819, 19, 175),
(820, 25, 175),
(821, 31, 175),
(822, 15, 176),
(823, 20, 176),
(824, 21, 176),
(825, 22, 176),
(826, 25, 176),
(827, 17, 177),
(828, 18, 177),
(829, 23, 177),
(830, 14, 177),
(831, 31, 177),
(832, 15, 178),
(833, 18, 178),
(834, 19, 178),
(835, 14, 178),
(836, 22, 178),
(837, 16, 179),
(838, 20, 179),
(839, 23, 179),
(840, 31, 179),
(841, 25, 179),
(842, 15, 180),
(843, 18, 180),
(844, 24, 180),
(845, 14, 180),
(846, 31, 180),
(847, 42, 181),
(848, 19, 181),
(849, 20, 181),
(850, 23, 181),
(851, 25, 181),
(852, 17, 184),
(853, 15, 184),
(854, 19, 184),
(855, 21, 184),
(856, 25, 184),
(857, 16, 185),
(858, 18, 185),
(859, 20, 185),
(860, 14, 185),
(861, 22, 185),
(862, 15, 186),
(863, 20, 186),
(864, 23, 186),
(865, 21, 186),
(866, 31, 186),
(867, 42, 187),
(868, 18, 187),
(869, 14, 187),
(870, 25, 187),
(871, 22, 187),
(872, 16, 188),
(873, 50, 188),
(874, 18, 188),
(875, 24, 188),
(876, 31, 188),
(877, 42, 189),
(878, 15, 189),
(879, 20, 189),
(880, 21, 189),
(881, 14, 189),
(882, 16, 190),
(883, 20, 190),
(884, 23, 190),
(885, 21, 190),
(886, 18, 190),
(887, 42, 191),
(888, 15, 191),
(889, 19, 191),
(890, 14, 191),
(891, 25, 191),
(892, 15, 192),
(893, 17, 192),
(894, 18, 192),
(895, 25, 192),
(896, 31, 192),
(897, 42, 193),
(898, 20, 193),
(899, 23, 193),
(900, 14, 193),
(901, 22, 193);

-- --------------------------------------------------------

--
-- Table structure for table `teams`
--

CREATE TABLE IF NOT EXISTS `teams` (
  `id` int(10) unsigned NOT NULL AUTO_INCREMENT,
  `game_id` int(11) unsigned NOT NULL,
  `winner` tinyint(4) DEFAULT NULL,
  `golos` int(11) NOT NULL,
  `created` datetime NOT NULL,
  `modified` datetime NOT NULL,
  PRIMARY KEY (`id`)
) ENGINE=InnoDB  DEFAULT CHARSET=latin1 AUTO_INCREMENT=196 ;

--
-- Dumping data for table `teams`
--

INSERT INTO `teams` (`id`, `game_id`, `winner`, `golos`, `created`, `modified`) VALUES
(11, 11, 1, 10, '2012-03-05 02:44:56', '2012-03-05 02:44:56'),
(12, 11, 0, 8, '2012-03-05 02:45:39', '2012-03-05 02:45:39'),
(13, 23, 0, 7, '2012-03-05 02:55:38', '2012-03-05 02:55:38'),
(14, 23, 1, 10, '2012-03-05 02:56:10', '2012-03-05 02:56:10'),
(30, 24, 1, 10, '2012-03-16 04:42:18', '2012-03-16 20:02:40'),
(31, 24, 0, 5, '2012-03-16 04:42:18', '2012-03-16 20:03:14'),
(32, 25, 1, 20, '2012-03-16 20:12:37', '2012-03-16 20:12:37'),
(33, 25, 0, 15, '2012-03-16 20:12:37', '2012-03-16 20:12:37'),
(34, 26, 1, 14, '2012-03-25 16:23:50', '2012-03-25 16:23:50'),
(35, 26, 0, 11, '2012-03-25 16:23:50', '2012-03-25 16:23:50'),
(38, 29, 0, 7, '2012-03-26 04:47:06', '2012-04-01 15:49:07'),
(39, 29, 1, 8, '2012-03-26 04:47:06', '2012-04-01 15:49:07'),
(40, 30, 0, 9, '2012-04-06 12:17:45', '2012-04-10 23:16:31'),
(41, 30, 1, 14, '2012-04-06 12:17:45', '2012-04-10 23:16:31'),
(42, 31, 0, 10, '2012-04-13 10:45:48', '2012-04-15 15:29:07'),
(43, 31, 1, 11, '2012-04-13 10:45:48', '2012-04-15 15:29:07'),
(44, 32, 0, 7, '2012-04-20 09:40:39', '2012-04-22 15:02:38'),
(45, 32, 1, 13, '2012-04-20 09:40:39', '2012-04-22 15:02:38'),
(46, 33, 1, 9, '2012-04-27 15:06:34', '2012-04-29 15:09:06'),
(47, 33, 0, 6, '2012-04-27 15:06:34', '2012-04-29 15:09:06'),
(48, 34, 0, 8, '2012-05-05 07:37:55', '2012-05-06 14:05:47'),
(49, 34, 1, 9, '2012-05-05 07:37:55', '2012-05-06 14:05:47'),
(50, 35, 0, 3, '2012-05-11 16:39:20', '2012-05-13 14:54:28'),
(51, 35, 1, 11, '2012-05-11 16:39:20', '2012-05-13 14:54:28'),
(52, 36, 0, 9, '2012-05-19 11:45:27', '2012-05-27 15:03:46'),
(53, 36, 1, 14, '2012-05-19 11:45:27', '2012-05-27 15:03:46'),
(54, 37, 0, 6, '2012-06-01 18:41:36', '2012-06-04 08:43:19'),
(55, 37, 1, 7, '2012-06-01 18:41:36', '2012-06-04 08:43:19'),
(56, 38, 0, 6, '2012-06-09 11:31:32', '2012-06-11 08:03:34'),
(57, 38, 1, 11, '2012-06-09 11:31:32', '2012-06-11 08:03:34'),
(58, 39, 1, 7, '2012-06-15 09:10:41', '2012-06-17 12:42:26'),
(59, 39, 0, 5, '2012-06-15 09:10:41', '2012-06-17 12:42:26'),
(60, 40, 1, 13, '2012-06-23 15:55:33', '2012-06-28 17:38:42'),
(61, 40, 0, 12, '2012-06-23 15:55:33', '2012-06-28 17:38:42'),
(62, 41, 1, 12, '2012-06-29 21:55:12', '2012-07-01 15:41:19'),
(63, 41, 0, 9, '2012-06-29 21:55:12', '2012-07-01 15:41:19'),
(64, 42, NULL, 0, '2012-07-07 12:28:39', '2012-07-07 12:28:39'),
(65, 42, NULL, 0, '2012-07-07 12:28:39', '2012-07-07 12:28:39'),
(66, 43, 1, 10, '2012-07-21 14:19:23', '2012-07-22 14:19:23'),
(67, 43, 0, 9, '2012-07-21 14:19:23', '2012-07-22 14:19:23'),
(68, 44, 0, 4, '2012-07-27 09:41:58', '2012-07-29 15:48:56'),
(69, 44, 1, 6, '2012-07-27 09:41:58', '2012-07-29 15:48:56'),
(70, 45, 1, 13, '2012-08-04 11:45:21', '2012-08-06 09:36:27'),
(71, 45, 0, 7, '2012-08-04 11:45:21', '2012-08-06 09:36:27'),
(72, 46, 0, 7, '2012-08-11 12:23:21', '2012-08-12 15:17:16'),
(73, 46, 1, 12, '2012-08-11 12:23:21', '2012-08-12 15:17:16'),
(74, 47, 1, 8, '2012-08-18 12:21:05', '2012-08-19 15:35:09'),
(75, 47, 0, 7, '2012-08-18 12:21:05', '2012-08-19 15:35:09'),
(76, 48, 0, 4, '2012-08-25 12:36:57', '2012-08-26 14:30:56'),
(77, 48, 1, 14, '2012-08-25 12:36:57', '2012-08-26 14:30:56'),
(78, 49, 1, 9, '2012-08-31 11:14:20', '2012-09-02 15:02:08'),
(79, 49, 0, 5, '2012-08-31 11:14:20', '2012-09-02 15:02:08'),
(80, 50, 1, 14, '2012-09-08 12:17:24', '2012-09-09 14:39:54'),
(81, 50, 0, 6, '2012-09-08 12:17:24', '2012-09-09 14:39:54'),
(82, 51, 1, 7, '2012-09-15 10:42:04', '2012-09-16 15:05:20'),
(83, 51, 0, 5, '2012-09-15 10:42:04', '2012-09-16 15:05:20'),
(84, 52, 1, 14, '2012-09-22 11:36:44', '2012-09-23 16:11:38'),
(85, 52, 0, 13, '2012-09-22 11:36:44', '2012-09-23 16:11:38'),
(86, 53, 0, 9, '2012-09-29 10:27:00', '2012-09-30 15:25:42'),
(87, 53, 1, 14, '2012-09-29 10:27:00', '2012-09-30 15:25:42'),
(88, 54, 1, 14, '2012-10-06 01:02:20', '2012-10-07 21:26:17'),
(89, 54, 0, 10, '2012-10-06 01:02:20', '2012-10-07 21:26:17'),
(90, 55, 0, 8, '2012-10-13 09:24:06', '2012-10-21 14:54:33'),
(91, 55, 1, 11, '2012-10-13 09:24:06', '2012-10-21 14:54:33'),
(92, 56, 0, 5, '2012-10-26 15:42:24', '2012-10-28 16:21:13'),
(93, 56, 1, 11, '2012-10-26 15:42:24', '2012-10-28 16:21:13'),
(94, 57, 1, 10, '2012-11-03 13:14:23', '2012-11-04 21:52:02'),
(95, 57, 0, 8, '2012-11-03 13:14:23', '2012-11-04 21:52:02'),
(96, 58, 1, 17, '2012-11-09 11:43:22', '2012-11-11 20:27:17'),
(97, 58, 0, 7, '2012-11-09 11:43:22', '2012-11-11 20:27:17'),
(98, 59, 1, 14, '2012-11-14 09:47:53', '2012-11-18 15:08:48'),
(99, 59, 0, 3, '2012-11-14 09:47:53', '2012-11-18 15:08:48'),
(100, 60, 0, 3, '2012-11-22 21:52:01', '2012-11-25 14:51:53'),
(101, 60, 1, 6, '2012-11-22 21:52:01', '2012-11-25 14:51:53'),
(102, 61, 0, 9, '2012-12-01 09:09:00', '2012-12-02 15:48:24'),
(103, 61, 1, 11, '2012-12-01 09:09:00', '2012-12-02 15:48:24'),
(104, 62, 1, 8, '2012-12-08 08:28:07', '2012-12-10 04:24:32'),
(105, 62, 0, 2, '2012-12-08 08:28:07', '2012-12-10 04:24:32'),
(106, 63, 1, 13, '2012-12-21 17:44:56', '2012-12-23 13:19:10'),
(107, 63, 0, 3, '2012-12-21 17:44:56', '2012-12-23 13:19:10'),
(110, 65, 0, 6, '2013-01-05 10:25:12', '2013-01-06 15:10:43'),
(111, 65, 1, 7, '2013-01-05 10:25:12', '2013-01-06 15:10:43'),
(112, 66, 0, 7, '2013-01-11 15:42:15', '2013-01-13 20:02:31'),
(113, 66, 1, 12, '2013-01-11 15:42:15', '2013-01-13 20:02:31'),
(114, 67, 1, 9, '2013-01-14 05:36:13', '2013-01-27 17:05:56'),
(115, 67, 0, 6, '2013-01-14 05:36:13', '2013-01-27 17:05:56'),
(116, 68, 0, 5, '2013-02-01 08:09:01', '2013-02-03 15:23:21'),
(117, 68, 1, 19, '2013-02-01 08:09:01', '2013-02-03 15:23:21'),
(118, 69, 0, 7, '2013-02-09 07:20:20', '2013-02-10 23:04:20'),
(119, 69, 1, 9, '2013-02-09 07:20:20', '2013-02-10 23:04:20'),
(120, 70, 0, 6, '2013-02-15 08:09:37', '2013-02-17 22:13:51'),
(121, 70, 1, 13, '2013-02-15 08:09:37', '2013-02-17 22:13:51'),
(122, 71, 0, 5, '2013-02-22 14:31:18', '2013-02-24 12:00:53'),
(123, 71, 1, 6, '2013-02-22 14:31:18', '2013-02-24 12:00:53'),
(124, 72, 1, 14, '2013-03-02 07:37:57', '2013-03-03 15:51:22'),
(125, 72, 0, 10, '2013-03-02 07:37:57', '2013-03-03 15:51:22'),
(126, 73, 1, 13, '2013-03-09 10:04:30', '2013-03-10 16:07:36'),
(127, 73, 0, 4, '2013-03-09 10:04:30', '2013-03-10 16:07:36'),
(128, 74, 0, 5, '2013-03-16 12:09:34', '2013-03-17 18:58:31'),
(129, 74, 1, 14, '2013-03-16 12:09:34', '2013-03-17 18:58:31'),
(130, 75, 0, 6, '2013-03-23 10:02:42', '2013-03-24 18:24:27'),
(131, 75, 1, 12, '2013-03-23 10:02:42', '2013-03-24 18:24:27'),
(132, 76, 0, 6, '2013-03-28 23:04:52', '2013-04-01 16:18:48'),
(133, 76, 1, 7, '2013-03-28 23:04:52', '2013-04-01 16:18:48'),
(134, 77, 1, 8, '2013-04-05 08:21:33', '2013-04-08 03:05:00'),
(135, 77, 0, 7, '2013-04-05 08:21:33', '2013-04-08 03:05:00'),
(136, 78, 0, 5, '2013-04-12 07:48:13', '2013-04-14 22:11:26'),
(137, 78, 1, 8, '2013-04-12 07:48:13', '2013-04-14 22:11:26'),
(138, 79, 1, 13, '2013-04-20 06:48:25', '2013-04-21 15:06:53'),
(139, 79, 0, 6, '2013-04-20 06:48:25', '2013-04-21 15:06:53'),
(140, 80, 0, 3, '2013-04-27 14:46:49', '2013-04-28 17:22:31'),
(141, 80, 1, 11, '2013-04-27 14:46:49', '2013-04-28 17:22:31'),
(142, 81, 1, 11, '2013-05-04 06:06:00', '2013-05-05 22:22:03'),
(143, 81, 0, 8, '2013-05-04 06:06:00', '2013-05-05 22:22:03'),
(144, 82, 0, 6, '2013-05-11 06:00:53', '2013-05-12 22:21:02'),
(145, 82, 1, 7, '2013-05-11 06:00:53', '2013-05-12 22:21:02'),
(146, 83, 0, 5, '2013-05-18 07:52:22', '2013-05-19 12:31:47'),
(147, 83, 1, 12, '2013-05-18 07:52:22', '2013-05-19 12:31:47'),
(148, 84, 1, 12, '2013-05-31 15:41:25', '2013-06-08 14:56:59'),
(149, 84, 0, 11, '2013-05-31 15:41:25', '2013-06-08 14:56:59'),
(150, 85, 0, 6, '2013-06-08 15:00:35', '2013-06-09 12:11:11'),
(151, 85, 1, 7, '2013-06-08 15:00:35', '2013-06-09 12:11:11'),
(152, 86, 0, 3, '2013-06-14 15:38:18', '2013-06-17 13:57:54'),
(153, 86, 1, 13, '2013-06-14 15:38:18', '2013-06-17 13:57:54'),
(154, 87, 1, 8, '2013-06-21 07:47:28', '2013-06-23 16:06:01'),
(155, 87, 0, 5, '2013-06-21 07:47:28', '2013-06-23 16:06:01'),
(156, 88, 1, 13, '2013-06-29 11:59:27', '2013-07-01 08:09:33'),
(157, 88, 0, 9, '2013-06-29 11:59:27', '2013-07-01 08:09:33'),
(158, 89, 1, 8, '2013-07-05 11:15:50', '2013-07-08 06:21:41'),
(159, 89, 0, 6, '2013-07-05 11:15:50', '2013-07-08 06:21:41'),
(160, 90, 0, 4, '2013-07-13 12:55:04', '2013-07-15 09:14:05'),
(161, 90, 1, 10, '2013-07-13 12:55:04', '2013-07-15 09:14:05'),
(162, 91, 0, 8, '2013-07-20 06:57:45', '2013-07-22 07:29:54'),
(163, 91, 1, 9, '2013-07-20 06:57:45', '2013-07-22 07:29:54'),
(164, 92, 1, 15, '2013-07-27 08:02:24', '2013-07-28 15:04:30'),
(165, 92, 0, 13, '2013-07-27 08:02:24', '2013-07-28 15:04:30'),
(166, 93, 0, 4, '2013-08-03 10:44:39', '2013-08-05 11:12:23'),
(167, 93, 1, 7, '2013-08-03 10:44:39', '2013-08-05 11:12:23'),
(168, 94, 1, 8, '2013-08-10 08:15:36', '2013-08-13 08:58:45'),
(169, 94, 0, 5, '2013-08-10 08:15:36', '2013-08-13 08:58:45'),
(170, 95, 1, 14, '2013-08-16 07:20:25', '2013-08-18 22:23:52'),
(171, 95, 0, 11, '2013-08-16 07:20:25', '2013-08-18 22:23:52'),
(172, 96, 0, 7, '2013-08-23 11:38:57', '2013-08-28 09:46:09'),
(173, 96, 1, 13, '2013-08-23 11:38:57', '2013-08-28 09:46:09'),
(174, 97, 0, 3, '2013-08-31 08:15:23', '2013-09-01 16:01:49'),
(175, 97, 1, 5, '2013-08-31 08:15:23', '2013-09-01 16:01:49'),
(176, 98, 0, 3, '2013-09-06 15:12:50', '2013-09-09 11:35:07'),
(177, 98, 1, 7, '2013-09-06 15:12:50', '2013-09-09 11:35:07'),
(178, 99, 0, 4, '2013-09-14 08:02:21', '2013-09-15 21:17:01'),
(179, 99, 1, 12, '2013-09-14 08:02:21', '2013-09-15 21:17:01'),
(180, 100, 0, 4, '2013-09-21 08:04:46', '2013-09-22 12:54:05'),
(181, 100, 1, 13, '2013-09-21 08:04:46', '2013-09-22 12:54:05'),
(182, 10, NULL, 0, '2013-09-22 09:20:04', '2013-09-22 09:20:04'),
(183, 10, NULL, 0, '2013-09-22 09:20:04', '2013-09-22 09:20:04'),
(184, 101, 1, 8, '2013-09-28 09:05:23', '2013-09-29 17:53:32'),
(185, 101, 0, 7, '2013-09-28 09:05:23', '2013-09-29 17:53:32'),
(186, 102, 1, 12, '2013-10-04 21:13:32', '2013-10-07 16:11:39'),
(187, 102, 0, 8, '2013-10-04 21:13:32', '2013-10-07 16:11:39'),
(188, 103, 0, 8, '2013-10-12 11:40:24', '2013-10-13 15:28:12'),
(189, 103, 1, 10, '2013-10-12 11:40:24', '2013-10-13 15:28:12'),
(190, 104, 0, 9, '2013-10-19 09:40:12', '2013-10-21 06:47:37'),
(191, 104, 1, 13, '2013-10-19 09:40:12', '2013-10-21 06:47:37'),
(192, 105, 1, 5, '2013-10-26 10:11:39', '2013-10-27 16:37:09'),
(193, 105, 0, 4, '2013-10-26 10:11:39', '2013-10-27 16:37:09');

/*!40101 SET CHARACTER_SET_CLIENT=@OLD_CHARACTER_SET_CLIENT */;
/*!40101 SET CHARACTER_SET_RESULTS=@OLD_CHARACTER_SET_RESULTS */;
/*!40101 SET COLLATION_CONNECTION=@OLD_COLLATION_CONNECTION */;
